id,record_type,view_id,row_id,column_id,capability_refs,need,operation,outcome,implementation_status,standing,source_refs,code_refs,test_refs,account_ref,relation,coverage,extensions,question
cap.ql.cli-discovery,capability,,,,[],Find a usable operation,ql capabilities and version,Versioned command and kernel/service inventory,implemented; development CLI inventory observed2026-10-04; functional/current-Source qualification is capability-specific,agent-inference,ProjectCentral/user/capability-matrix.md#ql-source-issue-87,crates/ql-cli/src/lib.rs,crates/ql-cli/src/lib.rs,ql.html#q1/product,,,"{""basis"": ""Source-recovered capability account; original verification limits retained in Markdown."", ""cli_commands"": [""agent-event.frame"", ""agent-event.harmonic"", ""agent-event.project"", ""agent-event.validate"", ""config.apply"", ""config.contribute"", ""config.plan"", ""config.reset"", ""config.validate"", ""context-frame.list"", ""epi-agent.constitution"", ""epi-agent.faculty"", ""epi-agent.invoke"", ""kernel.apply"", ""kernel.capabilities"", ""kernel.coverage"", ""kernel.ledger"", ""kernel.m3"", ""kernel.validate-ledger"", ""matheme.derive"", ""matheme.shadow"", ""mef.lenses"", ""nara.calculate"", ""nara.capabilities"", ""nara.context"", ""nara.coordinate"", ""nara.delegate"", ""nara.enrichment"", ""nara.inspect"", ""nara.personal-current"", ""nara.personal-recompose"", ""nara.presence-consent"", ""nara.receive"", ""nara.transit"", ""scene.binding"", ""scene.compose"", ""scene.procedural.atlas"", ""scene.procedural.control"", ""scene.procedural.discover"", ""scene.procedural.intervention-batch"", ""scene.procedural.interventions"", ""scene.procedural.library"", ""scene.procedural.manifest"", ""scene.procedural.prepare"", ""scene.procedural.regenerate"", ""scene.procedural.rule"", ""scene.world"", ""service.capabilities"", ""service.negotiate"", ""shape.presentation"", ""techne.reading"", ""vak.capabilities"", ""vak.compose"", ""vak.context"", ""vak.locate"", ""vak.workflow-types"", ""verify""], ""cli_exposure"": {""kind"": ""direct"", ""reason"": ""Read-only command inventory emitted by the manifest-selected development QL CLI. Installed general ql and bounded ql-agent are disclosed separately; this inventory does not certify current Source-tip execution of every command.""}, ""converted_from_sha256"": ""86d000724352ae0b39b4a596596bd181b78a9f5b53435404b7d851d90e22920a"", ""documentation"": {""architecture_refs"": [""../../docs/ARCHITECTURE-NAVIGATION.md#governing-source-and-successors"", ""../../docs/KERNEL-REBUILD-WAYFINDER.md#ql-mef-kernel-rebuild-wayfinder"", ""../../docs/kernel-rebuild/M123-SCENE-STRUCTURAL-MAP.md#m1m2m3-live-expression-scene-gate-0-structural-map"", ""../../docs/kernel-rebuild/LIVING-INSTRUMENT-ARCHITECTURE.md#epi-living-instrument--planetary-world-nara-and-enacted-vāk""], ""praxis_refs"": [""skill/central/architecture-authoring"", ""skill/central/diagram-authoring"", ""skill/central/documentation-reconciliation""], ""relations"": [{""relation"": ""described-by"", ""target"": ""../../docs/ARCHITECTURE-NAVIGATION.md#governing-source-and-successors""}]}, ""historical_source_refs"": [""../github-recovery-mirror/mirror/QL-MEF/issues/87.json""], ""historical_source_url"": ""https://github.com/EpiLogos/QL-MEF/issues/87"", ""last_reconciled_at"": ""2026-10-04T14:42:48.211197+00:00"", ""maintenance"": {""change_refs"": [""codex:thread:01a07608-d2ec-7b10-9713-74c445adf8a5"", ""QL-MEF#87"", ""QL-MEF:agent/ql-multi-matrix-profile"", ""EpiLogos/O-I#65/#220 architecture-documentation-reconciliation 2026-09-30; codex:01a0f43c-41e2-7990-9cf0-1cc9de2b368d"", ""O-I#65/#220:architecture-doc-diagrams-20260930:native-reverse-navigation-and-praxis"", ""O:I#65/#220 exact documentation units; architecture-doc-diagrams-20260930"", ""O:I#65/#220 fresh formal navigation: remove unrelated Expression described-by relation"", ""https://github.com/EpiLogos/QL-MEF/issues/291#issuecomment-5979838930"", ""QL-MEF#291:source-link-recovery-2026-10-04"", ""QL-MEF#291:bounded-native-account-and-source-repair-20261004""], ""code_basis"": {""crates/ql-cli/src/lib.rs"": ""6c77935d49f141069040ae687458a154a588b59e68e9e26c735f5dcaae5a3f73""}, ""updated_at"": ""2026-10-04""}}",
cap.ql.kernel-operators,capability,,,,[],Obtain a reproducible structural result,ql kernel apply; apply_operator,Typed result with input/output and operation version,implemented; selected native tests passed 2026-09-06,agent-inference,docs/HOLOGRAPHIC-KERNEL-FORMAL-REFERENCE.md,crates/ql-core/src/apply.rs,crates/ql-core/tests/operator_invariants.rs,ql.html#q1/kernel,,,"{""basis"": ""Source-recovered capability account; original verification limits retained in Markdown."", ""cli_commands"": [""kernel.capabilities"", ""kernel.apply""], ""cli_exposure"": {""kind"": ""direct"", ""reason"": ""The CLI reports kernel operations and applies advertised deterministic address operators.""}, ""converted_from_sha256"": ""86d000724352ae0b39b4a596596bd181b78a9f5b53435404b7d851d90e22920a"", ""maintenance"": {""change_refs"": [""codex:thread:01a07608-d2ec-7b10-9713-74c445adf8a5"", ""QL-MEF#87""], ""code_basis"": {""crates/ql-core/src/apply.rs"": ""20db087667368b6e80541792105408b72f595b6a9611557628b3b2f2a4380bd1""}, ""updated_at"": ""2026-09-06""}, ""last_reconciled_at"": ""2026-09-06T14:30:24.557139+00:00""}",
cap.ql.pairing,capability,,,,[],Distinguish constructions with coincident vertices,A/B/C pairing and D1/D2/D3 completion,Pair family and derivation retained,implemented; selected native tests passed 2026-09-06,agent-inference,docs/HOLOGRAPHIC-KERNEL-FORMAL-REFERENCE.md,crates/ql-core/src/pairing.rs,crates/ql-core/tests/pairing_grammar.rs,ql.html#q1/kernel,,,"{""basis"": ""Source-recovered capability account; original verification limits retained in Markdown."", ""cli_commands"": [], ""cli_exposure"": {""kind"": ""library"", ""reason"": ""Pair-family construction is implemented through the ql-core library; the CLI does not emit a pairing command.""}, ""converted_from_sha256"": ""86d000724352ae0b39b4a596596bd181b78a9f5b53435404b7d851d90e22920a"", ""maintenance"": {""change_refs"": [""codex:thread:01a07608-d2ec-7b10-9713-74c445adf8a5"", ""QL-MEF#87""], ""code_basis"": {""crates/ql-core/src/pairing.rs"": ""480e0ec36ed4a5fe6cbe14d3a91af71cf32772a3ef7c6dd30257af47be975df9""}, ""updated_at"": ""2026-09-06""}, ""last_reconciled_at"": ""2026-09-06T14:30:24.557139+00:00""}",
cap.ql.shape,capability,,,,[],Work with the actual available structure,QlShape and versioned shape contracts,Valid partials; 4x4/6x6 and relational-sixfold fields,implemented; selected native tests passed 2026-09-06,agent-inference,fixtures/kernel/ql-shape-contract-v1.json,crates/ql-core/src/shape.rs,crates/ql-core/tests/wiki_structural_contract.rs,ql.html#q3/structure,,,"{""basis"": ""Source-recovered capability account; original verification limits retained in Markdown."", ""basis_review"": ""Current owning definitions and actual test definitions read; historical selected Rust acceptance remains dated2026-09-06. Development CLI observations are bounded by executable1a50b99c/kernel06245147 and do not establish current-tip Rust qualification."", ""cli_commands"": [""shape.presentation""], ""cli_exposure"": {""kind"": ""direct"", ""reason"": ""Exact supported numerical shape presentations use shape.presentation; other QlShape construction/derivation APIs remain library operations. A36-site6x6 presentation was observed; no semantic metric or complete geometry execution is asserted.""}, ""converted_from_sha256"": ""86d000724352ae0b39b4a596596bd181b78a9f5b53435404b7d851d90e22920a"", ""last_reconciled_at"": ""2026-10-04T14:42:48.211197+00:00"", ""maintenance"": {""change_refs"": [""codex:thread:01a07608-d2ec-7b10-9713-74c445adf8a5"", ""QL-MEF#87"", ""QL-MEF#291:bounded-source-and-native-api-review-2026-10-04"", ""QL-MEF#291:bounded-native-account-and-source-repair-20261004""], ""code_basis"": {""crates/ql-core/src/shape.rs"": ""6d890682ab7a60a794e4018e5ef59ca8e62c6075bdfc177ddc068cdae8eee29b""}, ""previous_code_basis"": {""crates/ql-core/src/shape.rs"": ""d08444485d431fe75e85c9d7e81078d9e44c132acdcdf4afe7326990d9dcaa8b""}, ""updated_at"": ""2026-10-04""}}",
cap.ql.lens-registry,capability,,,,[],Inspect available lenses before reading,ql mef lenses; MEF registry,Twelve lens identities with face and square,implemented; selected native tests passed 2026-09-06,agent-inference,skills/ql-foundations/SKILL.md,crates/ql-mef/src/registry.rs,crates/ql-mef/tests/identity_and_provenance.rs,ql.html#q1/readings,,,"{""basis"": ""Source-recovered capability account; original verification limits retained in Markdown."", ""cli_commands"": [""mef.lenses""], ""cli_exposure"": {""kind"": ""direct"", ""reason"": ""The CLI emits the MEF lens registry.""}, ""converted_from_sha256"": ""86d000724352ae0b39b4a596596bd181b78a9f5b53435404b7d851d90e22920a"", ""maintenance"": {""change_refs"": [""codex:thread:01a07608-d2ec-7b10-9713-74c445adf8a5"", ""QL-MEF#87""], ""code_basis"": {""crates/ql-mef/src/registry.rs"": ""646385949853bd05f2b9daac49539f07147f1ccf65d591290d4e3533434ceef7""}, ""updated_at"": ""2026-09-06""}, ""last_reconciled_at"": ""2026-09-06T14:30:24.557139+00:00""}",
cap.ql.context-frames,capability,,,,[],Select a defined cut of a relation,ql context-frame list; ContextFrameId,Named CF1-CF7 grammar and selected/unselected partitions,implemented; selected native tests passed 2026-09-06,agent-inference,docs/HOLOGRAPHIC-KERNEL-FORMAL-REFERENCE.md,crates/ql-mef/src/context_frame.rs,crates/ql-mef/tests/context_frame_promotion.rs,ql.html#q1/readings,,,"{""basis"": ""Source-recovered capability account; original verification limits retained in Markdown."", ""cli_commands"": [""context-frame.list""], ""cli_exposure"": {""kind"": ""direct"", ""reason"": ""The CLI emits the named Context Frame registry.""}, ""converted_from_sha256"": ""86d000724352ae0b39b4a596596bd181b78a9f5b53435404b7d851d90e22920a"", ""maintenance"": {""change_refs"": [""codex:thread:01a07608-d2ec-7b10-9713-74c445adf8a5"", ""QL-MEF#87"", ""EpiLogos/O-I#65/#220 architecture-documentation-reconciliation 2026-09-30; codex:01a0f43c-41e2-7990-9cf0-1cc9de2b368d"", ""O-I#65/#220:architecture-doc-diagrams-20260930:native-reverse-navigation-and-praxis"", ""O:I#65/#220 exact documentation units; architecture-doc-diagrams-20260930"", ""O:I#65/#220 fresh formal navigation: remove unrelated Expression described-by relation""], ""code_basis"": {""crates/ql-mef/src/context_frame.rs"": ""cd4b2fef86a3f8b604b0048608d5946543ac2ce3cb6786c5272a744a6cc1b15c""}, ""updated_at"": ""2026-10-01""}, ""last_reconciled_at"": ""2026-10-01T00:39:33.969858+00:00"", ""documentation"": {""architecture_refs"": [""../../docs/ARCHITECTURE-NAVIGATION.md#governing-source-and-successors"", ""../../docs/KERNEL-REBUILD-WAYFINDER.md#ql-mef-kernel-rebuild-wayfinder"", ""../../docs/kernel-rebuild/M123-SCENE-STRUCTURAL-MAP.md#m1m2m3-live-expression-scene-gate-0-structural-map"", ""../../docs/kernel-rebuild/LIVING-INSTRUMENT-ARCHITECTURE.md#epi-living-instrument--planetary-world-nara-and-enacted-vāk""], ""praxis_refs"": [""skill/central/architecture-authoring"", ""skill/central/diagram-authoring"", ""skill/central/documentation-reconciliation""], ""relations"": [{""relation"": ""described-by"", ""target"": ""../../docs/ARCHITECTURE-NAVIGATION.md#governing-source-and-successors""}]}}",
cap.ql.external-frame,capability,,,,[],Compare a domain composition with formal context,External Context Frame reading,Exact partial ambiguous or no reading with mapping provenance,implemented; selected native tests passed 2026-09-06,agent-inference,ProjectCentral/user/capability-matrix.md#ql-source-issue-66,crates/ql-mef/src/context_frame_target.rs,crates/ql-mef/tests/context_frame_external_reading.rs,ql.html#q3/identity,,,"{""basis"": ""Source-recovered capability account; original verification limits retained in Markdown."", ""cli_commands"": [], ""cli_exposure"": {""kind"": ""library"", ""reason"": ""External Context Frame readings are library contracts; the CLI does not emit an external-frame command.""}, ""converted_from_sha256"": ""86d000724352ae0b39b4a596596bd181b78a9f5b53435404b7d851d90e22920a"", ""historical_source_refs"": [""../github-recovery-mirror/mirror/QL-MEF/issues/66.json""], ""historical_source_url"": ""https://github.com/EpiLogos/QL-MEF/issues/66"", ""last_reconciled_at"": ""2026-10-04T14:42:48.211197+00:00"", ""maintenance"": {""change_refs"": [""codex:thread:01a07608-d2ec-7b10-9713-74c445adf8a5"", ""QL-MEF#87"", ""QL-MEF#291:source-link-recovery-2026-10-04"", ""QL-MEF#291:bounded-native-account-and-source-repair-20261004""], ""code_basis"": {""crates/ql-mef/src/context_frame_target.rs"": ""0394a6f9604024ce2d92908d6950c289b454d771e5a4b26536d2ce6754fb3b9c""}, ""updated_at"": ""2026-10-04""}}",
cap.ql.vak-source,capability,,,,[],Keep research language attributable,ql vak locate,Source-locked entry with coordinate and provenance,implemented; selected native tests passed 2026-09-06,agent-inference,ProjectCentral/user/capability-matrix.md#ql-source-issue-87,crates/ql-mef/src/vak.rs,crates/ql-cli/src/lib.rs,ql.html#q1/readings,,,"{""basis"": ""Source-recovered capability account; original verification limits retained in Markdown."", ""cli_commands"": [""vak.capabilities"", ""vak.locate""], ""cli_exposure"": {""kind"": ""direct"", ""reason"": ""The CLI reports and locates source-locked Vāk entries.""}, ""converted_from_sha256"": ""86d000724352ae0b39b4a596596bd181b78a9f5b53435404b7d851d90e22920a"", ""historical_source_refs"": [""../github-recovery-mirror/mirror/QL-MEF/issues/87.json""], ""historical_source_url"": ""https://github.com/EpiLogos/QL-MEF/issues/87"", ""last_reconciled_at"": ""2026-10-04T14:42:48.211197+00:00"", ""maintenance"": {""change_refs"": [""codex:thread:01a07608-d2ec-7b10-9713-74c445adf8a5"", ""QL-MEF#87"", ""QL-MEF#291:source-link-recovery-2026-10-04"", ""QL-MEF#291:bounded-native-account-and-source-repair-20261004""], ""code_basis"": {""crates/ql-mef/src/vak.rs"": ""6345a97753399a325c0a3b7f821ebf67b552888445fb0d13410b6177f0d63de7""}, ""updated_at"": ""2026-10-04""}}",
cap.ql.vak-context,capability,,,,[],Recover relevant formulation relationships,ql vak context with depth zero through two,Bounded source entries and relations,implemented; selected native tests passed 2026-09-06,agent-inference,ProjectCentral/user/capability-matrix.md#ql-source-issue-87,crates/ql-cli/src/lib.rs,crates/ql-cli/src/lib.rs,ql.html#q4/deployment,,,"{""basis"": ""Source-recovered capability account; original verification limits retained in Markdown."", ""basis_review"": ""Current owning definitions and actual test definitions read; historical selected Rust acceptance remains dated2026-09-06. Development CLI observations are bounded by executable1a50b99c/kernel06245147 and do not establish current-tip Rust qualification."", ""cli_commands"": [""vak.context""], ""cli_exposure"": {""kind"": ""direct"", ""reason"": ""The CLI emits bounded source-locked Vāk context readings.""}, ""converted_from_sha256"": ""86d000724352ae0b39b4a596596bd181b78a9f5b53435404b7d851d90e22920a"", ""historical_source_refs"": [""../github-recovery-mirror/mirror/QL-MEF/issues/87.json""], ""historical_source_url"": ""https://github.com/EpiLogos/QL-MEF/issues/87"", ""last_reconciled_at"": ""2026-10-04T14:42:48.211197+00:00"", ""maintenance"": {""change_refs"": [""codex:thread:01a07608-d2ec-7b10-9713-74c445adf8a5"", ""QL-MEF#87"", ""QL-MEF:agent/ql-multi-matrix-profile"", ""QL-MEF#291:source-link-recovery-2026-10-04"", ""QL-MEF#291:bounded-source-and-native-api-review-2026-10-04"", ""QL-MEF#291:bounded-native-account-and-source-repair-20261004""], ""code_basis"": {""crates/ql-cli/src/lib.rs"": ""6c77935d49f141069040ae687458a154a588b59e68e9e26c735f5dcaae5a3f73""}, ""previous_code_basis"": {""crates/ql-cli/src/lib.rs"": ""012922d73ae798df7ea3a88ba3194c9e7987c9c96525c395892aabbe3e28a215""}, ""updated_at"": ""2026-10-04""}}",
cap.ql.service-negotiation,capability,,,,[],Know what a provider can actually supply,ql service capabilities/negotiate; QlService,Support deterministic flag and provider state,implemented contracts; source-inspected 2026-09-06; provider/runtime acceptance not exercised,agent-inference,skills/ql-operation/SKILL.md,crates/ql-service/src/negotiation.rs,crates/ql-service/tests/provider_service.rs,ql.html#q1/services,,,"{""basis"": ""Source-recovered capability account; original verification limits retained in Markdown."", ""cli_commands"": [""service.capabilities"", ""service.negotiate""], ""cli_exposure"": {""kind"": ""direct"", ""reason"": ""The CLI reports provider state and negotiates the advertised service operations.""}, ""converted_from_sha256"": ""86d000724352ae0b39b4a596596bd181b78a9f5b53435404b7d851d90e22920a"", ""maintenance"": {""change_refs"": [""codex:thread:01a07608-d2ec-7b10-9713-74c445adf8a5"", ""QL-MEF#87""], ""code_basis"": {""crates/ql-service/src/negotiation.rs"": ""a06f9a97dbe4bafcca41575ea2909acea9770554f35f4581b2515badf6edf79e""}, ""updated_at"": ""2026-09-06""}, ""last_reconciled_at"": ""2026-09-06T14:30:24.557139+00:00""}",
cap.ql.service-readings,capability,,,,[],Locate refract relate or synthesise a subject,QlService ServiceRequest dispatch,Reading preserving subject provider and result provenance,implemented contracts; source-inspected 2026-09-06; provider/runtime acceptance not exercised,agent-inference,skills/ql-operation/SKILL.md,crates/ql-service/src/service.rs,crates/ql-service/tests/provider_service.rs,ql.html#q2/refract,,,"{""basis"": ""Source-recovered capability account; original verification limits retained in Markdown."", ""cli_commands"": [], ""cli_exposure"": {""kind"": ""gap"", ""reason"": ""The service contract exists, but this CLI only negotiates availability and the observed provider is absent; it does not execute readings.""}, ""converted_from_sha256"": ""86d000724352ae0b39b4a596596bd181b78a9f5b53435404b7d851d90e22920a"", ""maintenance"": {""change_refs"": [""codex:thread:01a07608-d2ec-7b10-9713-74c445adf8a5"", ""QL-MEF#87""], ""code_basis"": {""crates/ql-service/src/service.rs"": ""c51aed38de62fd2152308c69ac02b55c3dfbb8dc8216e0dfeb2bbaf6be695884""}, ""updated_at"": ""2026-09-06""}, ""last_reconciled_at"": ""2026-09-06T14:30:24.557139+00:00""}",
cap.ql.client-modes,capability,,,,[],Continue ordinary work when reading is optional,Disabled Optional Required adapter modes,Native subject preserved and availability handled explicitly,implemented contracts; source-inspected 2026-09-06; provider/runtime acceptance not exercised,agent-inference,skills/ql-operation/SKILL.md,crates/ql-adapters/src/core.rs,crates/ql-adapters/tests/noql_matrix.rs,ql.html#q1/services,,,"{""basis"": ""Source-recovered capability account; original verification limits retained in Markdown."", ""cli_commands"": [], ""cli_exposure"": {""kind"": ""library"", ""reason"": ""Disabled, optional, and required adapter modes are ql-adapters library contracts.""}, ""converted_from_sha256"": ""86d000724352ae0b39b4a596596bd181b78a9f5b53435404b7d851d90e22920a"", ""maintenance"": {""change_refs"": [""codex:thread:01a07608-d2ec-7b10-9713-74c445adf8a5"", ""QL-MEF#87""], ""code_basis"": {""crates/ql-adapters/src/core.rs"": ""95996a65e0aab39f6990c45889b271b912239f123c9078fbda5c407aaa978ad0""}, ""updated_at"": ""2026-09-06""}, ""last_reconciled_at"": ""2026-09-06T14:30:24.557139+00:00""}",
cap.ql.wiki-structure,capability,,,,[],Use ordinary nodes and disclosed partial wholes,Wiki structural contracts and anchor relations,Stable structural representation without completeness gating,implemented; selected native tests passed 2026-09-06,agent-inference,docs/wiki-structural-contract-v2.md,crates/ql-core/src/structural.rs,crates/ql-core/tests/wiki_structural_contract.rs,ql.html#q3/structure,,,"{""basis"": ""Source-recovered capability account; original verification limits retained in Markdown."", ""basis_review"": ""Current owning definitions and actual test definitions read; historical selected Rust acceptance remains dated2026-09-06. Development CLI observations are bounded by executable1a50b99c/kernel06245147 and do not establish current-tip Rust qualification."", ""cli_commands"": [], ""cli_exposure"": {""kind"": ""library"", ""reason"": ""Wiki structural contracts are exposed by ql-core libraries, with no emitted CLI command.""}, ""converted_from_sha256"": ""86d000724352ae0b39b4a596596bd181b78a9f5b53435404b7d851d90e22920a"", ""last_reconciled_at"": ""2026-10-04T14:42:48.211197+00:00"", ""maintenance"": {""change_refs"": [""codex:thread:01a07608-d2ec-7b10-9713-74c445adf8a5"", ""QL-MEF#87"", ""QL-MEF#291:bounded-source-and-native-api-review-2026-10-04"", ""QL-MEF#291:bounded-native-account-and-source-repair-20261004""], ""code_basis"": {""crates/ql-core/src/structural.rs"": ""f3a952e28bf9b640dbf812f982b054c19e2a4f66cb9c0c2fa5ca45547b1bc36b""}, ""previous_code_basis"": {""crates/ql-core/src/structural.rs"": ""e725fc99652b4f25b80cbc82e86b8c99faf5c1be6ae3bd9c1e188150f5a2c1f3""}, ""updated_at"": ""2026-10-04""}}",
cap.ql.wiki-refraction,capability,,,,[],Inspect selected wiki relationships formally,WikiFrame refraction,Derived reading with target revision and operator basis,implemented contracts; source-inspected 2026-09-06; provider/runtime acceptance not exercised,agent-inference,docs/wiki-structural-contract-v2.md,crates/ql-wiki/src/refraction.rs,crates/ql-wiki/tests/wiki_refraction.rs,ql.html#q2/wiki-encounter,,,"{""basis"": ""Source-recovered capability account; original verification limits retained in Markdown."", ""cli_commands"": [], ""cli_exposure"": {""kind"": ""library"", ""reason"": ""WikiFrame refraction is a ql-wiki library contract, with no emitted CLI command.""}, ""converted_from_sha256"": ""86d000724352ae0b39b4a596596bd181b78a9f5b53435404b7d851d90e22920a"", ""maintenance"": {""change_refs"": [""codex:thread:01a07608-d2ec-7b10-9713-74c445adf8a5"", ""QL-MEF#87""], ""code_basis"": {""crates/ql-wiki/src/refraction.rs"": ""52cf52cd79f77bb7a31f36b1a547103ea9361653aefc60c7dbac2a1319d8729a""}, ""updated_at"": ""2026-09-06""}, ""last_reconciled_at"": ""2026-09-06T14:30:24.557139+00:00""}",
cap.ql.wiki-portals,capability,,,,[],Traverse explicit cross-wiki relationships,MetaBinding and portal traversal,Cross-wiki traversal preserving identities,implemented contracts; source-inspected 2026-09-06; provider/runtime acceptance not exercised,agent-inference,docs/wiki-structural-contract-v2.md,crates/ql-wiki/src/portal.rs,crates/ql-wiki/tests/meta_portal.rs,ql.html#q2/wiki-encounter,,,"{""basis"": ""Source-recovered capability account; original verification limits retained in Markdown."", ""cli_commands"": [], ""cli_exposure"": {""kind"": ""library"", ""reason"": ""Portal traversal is a ql-wiki library contract, with no emitted CLI command.""}, ""converted_from_sha256"": ""86d000724352ae0b39b4a596596bd181b78a9f5b53435404b7d851d90e22920a"", ""maintenance"": {""change_refs"": [""codex:thread:01a07608-d2ec-7b10-9713-74c445adf8a5"", ""QL-MEF#87""], ""code_basis"": {""crates/ql-wiki/src/portal.rs"": ""919ce316d0f35420202426ffbb76de04b72dfd0668845fcd16bb2be420b07908""}, ""updated_at"": ""2026-09-06""}, ""last_reconciled_at"": ""2026-09-06T14:30:24.557139+00:00""}",
cap.ql.living-wiki,capability,,,,[],Orient and expand within a bounded knowledge field,Living-wiki methods and entry aperture,Attributable partial or qualified contextual reading,implemented contracts; source-inspected 2026-09-06; provider/runtime acceptance not exercised,agent-inference,ProjectCentral/user/capability-matrix.md#ql-source-issue-79,crates/ql-wiki/src/living_methods.rs,crates/ql-wiki/src/living_methods.rs,ql.html#q2/wiki-encounter,,,"{""basis"": ""Source-recovered capability account; original verification limits retained in Markdown."", ""cli_commands"": [], ""cli_exposure"": {""kind"": ""library"", ""reason"": ""Living-wiki methods are ql-wiki library contracts, with no emitted CLI command.""}, ""converted_from_sha256"": ""86d000724352ae0b39b4a596596bd181b78a9f5b53435404b7d851d90e22920a"", ""historical_source_refs"": [""../github-recovery-mirror/mirror/QL-MEF/issues/79.json""], ""historical_source_url"": ""https://github.com/EpiLogos/QL-MEF/issues/79"", ""last_reconciled_at"": ""2026-10-04T14:42:48.211197+00:00"", ""maintenance"": {""change_refs"": [""codex:thread:01a07608-d2ec-7b10-9713-74c445adf8a5"", ""QL-MEF#87"", ""QL-MEF#291:source-link-recovery-2026-10-04"", ""QL-MEF#291:bounded-native-account-and-source-repair-20261004""], ""code_basis"": {""crates/ql-wiki/src/living_methods.rs"": ""bf594f7d398b5cac883c14f0739c35eb4d838f41db25571326ef6ef33c70a9e3""}, ""updated_at"": ""2026-10-04""}}",
cap.ql.cli-verification,capability,,,,[],Obtain a bounded local verification result,ql verify,Named deterministic verification checks,implemented; seven actual deterministic checks observed2026-10-04 through the bounded development executable; current Source-tip Rust qualification remains open,agent-inference,ProjectCentral/user/capability-matrix.md#ql-source-issue-87,crates/ql-cli/src/lib.rs,crates/ql-cli/src/lib.rs,ql.html#q5/verification,,,"{""basis"": ""Source-recovered capability account; original verification limits retained in Markdown."", ""basis_review"": ""Current owning definitions and actual test definitions read; historical selected Rust acceptance remains dated2026-09-06. Development CLI observations are bounded by executable1a50b99c/kernel06245147 and do not establish current-tip Rust qualification."", ""cli_commands"": [""verify""], ""cli_exposure"": {""kind"": ""direct"", ""reason"": ""The CLI emits its bounded native verification result.""}, ""converted_from_sha256"": ""86d000724352ae0b39b4a596596bd181b78a9f5b53435404b7d851d90e22920a"", ""historical_source_refs"": [""../github-recovery-mirror/mirror/QL-MEF/issues/87.json""], ""historical_source_url"": ""https://github.com/EpiLogos/QL-MEF/issues/87"", ""last_reconciled_at"": ""2026-10-04T14:42:48.211197+00:00"", ""maintenance"": {""change_refs"": [""codex:thread:01a07608-d2ec-7b10-9713-74c445adf8a5"", ""QL-MEF#87"", ""QL-MEF:agent/ql-multi-matrix-profile"", ""QL-MEF#291:source-link-recovery-2026-10-04"", ""QL-MEF#291:bounded-source-and-native-api-review-2026-10-04"", ""QL-MEF#291:bounded-native-account-and-source-repair-20261004""], ""code_basis"": {""crates/ql-cli/src/lib.rs"": ""6c77935d49f141069040ae687458a154a588b59e68e9e26c735f5dcaae5a3f73""}, ""previous_code_basis"": {""crates/ql-cli/src/lib.rs"": ""012922d73ae798df7ea3a88ba3194c9e7987c9c96525c395892aabbe3e28a215""}, ""updated_at"": ""2026-10-04""}}",
cap.ql.kernel-parity,capability,,,,[],Keep C and Rust relations aligned to one source,Shared holographic contract and parity fixtures,Explicit common relation identities and source provenance,implemented; selected native tests passed 2026-09-06,agent-inference,docs/HOLOGRAPHIC-KERNEL-FORMAL-REFERENCE.md,crates/ql-core/src/kernel.rs,crates/ql-mef/tests/holographic_kernel_contract.rs,ql.html#q0/provenance,,,"{""basis"": ""Source-recovered capability account; original verification limits retained in Markdown."", ""cli_commands"": [], ""cli_exposure"": {""kind"": ""library"", ""reason"": ""Kernel parity is maintained through ql-core and fixture contracts, with no emitted CLI command.""}, ""converted_from_sha256"": ""86d000724352ae0b39b4a596596bd181b78a9f5b53435404b7d851d90e22920a"", ""maintenance"": {""change_refs"": [""codex:thread:01a07608-d2ec-7b10-9713-74c445adf8a5"", ""QL-MEF#87""], ""code_basis"": {""crates/ql-core/src/kernel.rs"": ""d615307e8408749847707e60fae2aeb70d216ee710e0d0fb9a9dfe2861081156""}, ""updated_at"": ""2026-09-06""}, ""last_reconciled_at"": ""2026-09-06T14:30:24.557139+00:00""}",
H0->H5,relation,suite-relations,H0,H5,[],,,,,agent-inference,O-I:docs/CANONICAL-PRODUCT-FIELD.md|QL-MEF#19(PR),,,,05/50:ground-synthesis,H,"{""src_product"": ""Central"", ""dst_product"": ""QL"", ""ql"": ""B3|C1"", ""cf_view"": ""CF7"", ""seam"": ""05/50:ground-synthesis"", ""defined_in"": ""O-I:docs/CANONICAL-PRODUCT-FIELD.md|QL-MEF#19(PR)"", ""tracked_by"": ""EpiLogos/O-I#29;EpiLogos/Central#24(PR);EpiLogos/QL-MEF#19(PR)"", ""maintenance"": {""updated_at"": ""2026-09-06"", ""change_refs"": [""codex:thread:01a07608-d2ec-7b10-9713-74c445adf8a5""]}, ""last_reconciled_at"": ""2026-09-06T14:30:24.557139+00:00""}",
H0->A5,relation,suite-relations,H0,A5,[],,,,,agent-inference,O-I:docs/CANONICAL-PRODUCT-FIELD.md|QL-MEF#19(PR),,,,05/50:ground-synthesis,H,"{""src_product"": ""Central"", ""dst_product"": ""QL"", ""ql"": ""D2-require|D2-complete"", ""cf_view"": ""CF7"", ""seam"": ""05/50:ground-synthesis"", ""defined_in"": ""O-I:docs/CANONICAL-PRODUCT-FIELD.md|QL-MEF#19(PR)"", ""tracked_by"": ""EpiLogos/O-I#29;EpiLogos/Central#24(PR);EpiLogos/QL-MEF#19(PR)"", ""maintenance"": {""updated_at"": ""2026-09-06"", ""change_refs"": [""codex:thread:01a07608-d2ec-7b10-9713-74c445adf8a5""]}, ""last_reconciled_at"": ""2026-09-06T14:30:24.557139+00:00""}",
H1->H5,relation,suite-relations,H1,H5,[],,,,,agent-inference,O-I:docs/CANONICAL-PRODUCT-FIELD.md|QL-MEF#19(PR),,,,15:agency-ql,S,"{""src_product"": ""Actuation"", ""dst_product"": ""QL"", ""ql"": """", ""cf_view"": """", ""seam"": ""15:agency-ql"", ""defined_in"": ""O-I:docs/CANONICAL-PRODUCT-FIELD.md|QL-MEF#19(PR)"", ""tracked_by"": ""EpiLogos/O-I#29;EpiLogos/Actuation#1;EpiLogos/QL-MEF#19(PR)"", ""maintenance"": {""updated_at"": ""2026-09-06"", ""change_refs"": [""codex:thread:01a07608-d2ec-7b10-9713-74c445adf8a5""]}, ""last_reconciled_at"": ""2026-09-06T14:30:24.557139+00:00""}",
H1->A5,relation,suite-relations,H1,A5,[],,,,,agent-inference,O-I:docs/CANONICAL-PRODUCT-FIELD.md|QL-MEF#19(PR),,,,15:agency-ql,S,"{""src_product"": ""Actuation"", ""dst_product"": ""QL"", ""ql"": """", ""cf_view"": """", ""seam"": ""15:agency-ql"", ""defined_in"": ""O-I:docs/CANONICAL-PRODUCT-FIELD.md|QL-MEF#19(PR)"", ""tracked_by"": ""EpiLogos/O-I#29;EpiLogos/Actuation#1;EpiLogos/QL-MEF#19(PR)"", ""maintenance"": {""updated_at"": ""2026-09-06"", ""change_refs"": [""codex:thread:01a07608-d2ec-7b10-9713-74c445adf8a5""]}, ""last_reconciled_at"": ""2026-09-06T14:30:24.557139+00:00""}",
H2->H5,relation,suite-relations,H2,H5,[],,,,,agent-inference,O-I:docs/CANONICAL-PRODUCT-FIELD.md|QL-MEF#19(PR),,,,25:context-ql,S,"{""src_product"": ""AIKit"", ""dst_product"": ""QL"", ""ql"": """", ""cf_view"": """", ""seam"": ""25:context-ql"", ""defined_in"": ""O-I:docs/CANONICAL-PRODUCT-FIELD.md|QL-MEF#19(PR)"", ""tracked_by"": ""EpiLogos/O-I#29;EpiLogos/ai-kit#58(PR);EpiLogos/QL-MEF#19(PR)"", ""maintenance"": {""updated_at"": ""2026-09-06"", ""change_refs"": [""codex:thread:01a07608-d2ec-7b10-9713-74c445adf8a5""]}, ""last_reconciled_at"": ""2026-09-06T14:30:24.557139+00:00""}",
H2->A5,relation,suite-relations,H2,A5,[],,,,,agent-inference,O-I:docs/CANONICAL-PRODUCT-FIELD.md|QL-MEF#19(PR),,,,25:context-ql,S,"{""src_product"": ""AIKit"", ""dst_product"": ""QL"", ""ql"": """", ""cf_view"": """", ""seam"": ""25:context-ql"", ""defined_in"": ""O-I:docs/CANONICAL-PRODUCT-FIELD.md|QL-MEF#19(PR)"", ""tracked_by"": ""EpiLogos/O-I#29;EpiLogos/ai-kit#58(PR);EpiLogos/QL-MEF#19(PR)"", ""maintenance"": {""updated_at"": ""2026-09-06"", ""change_refs"": [""codex:thread:01a07608-d2ec-7b10-9713-74c445adf8a5""]}, ""last_reconciled_at"": ""2026-09-06T14:30:24.557139+00:00""}",
H3->H5,relation,suite-relations,H3,H5,[],,,,,agent-inference,O-I:docs/CANONICAL-PRODUCT-FIELD.md|QL-MEF#19(PR),,,,35:development-ql,S,"{""src_product"": ""Factory"", ""dst_product"": ""QL"", ""ql"": """", ""cf_view"": """", ""seam"": ""35:development-ql"", ""defined_in"": ""O-I:docs/CANONICAL-PRODUCT-FIELD.md|QL-MEF#19(PR)"", ""tracked_by"": ""EpiLogos/O-I#29;EpiLogos/agent-system-design#132(PR);EpiLogos/QL-MEF#19(PR)"", ""maintenance"": {""updated_at"": ""2026-09-06"", ""change_refs"": [""codex:thread:01a07608-d2ec-7b10-9713-74c445adf8a5""]}, ""last_reconciled_at"": ""2026-09-06T14:30:24.557139+00:00""}",
H3->A5,relation,suite-relations,H3,A5,[],,,,,agent-inference,O-I:docs/CANONICAL-PRODUCT-FIELD.md|QL-MEF#19(PR),,,,35:development-ql,S,"{""src_product"": ""Factory"", ""dst_product"": ""QL"", ""ql"": """", ""cf_view"": """", ""seam"": ""35:development-ql"", ""defined_in"": ""O-I:docs/CANONICAL-PRODUCT-FIELD.md|QL-MEF#19(PR)"", ""tracked_by"": ""EpiLogos/O-I#29;EpiLogos/agent-system-design#132(PR);EpiLogos/QL-MEF#19(PR)"", ""maintenance"": {""updated_at"": ""2026-09-06"", ""change_refs"": [""codex:thread:01a07608-d2ec-7b10-9713-74c445adf8a5""]}, ""last_reconciled_at"": ""2026-09-06T14:30:24.557139+00:00""}",
H4->H5,relation,suite-relations,H4,H5,[],,,,,agent-inference,O-I:docs/CANONICAL-PRODUCT-FIELD.md|QL-MEF#19(PR),,,,45:actuality-formal-intelligence,H,"{""src_product"": ""Workcell"", ""dst_product"": ""QL"", ""ql"": ""A3"", ""cf_view"": ""CF5/CF6-field"", ""seam"": ""45:actuality-formal-intelligence"", ""defined_in"": ""O-I:docs/CANONICAL-PRODUCT-FIELD.md|QL-MEF#19(PR)"", ""tracked_by"": ""EpiLogos/O-I#29;EpiLogos/Workcell#18(PR);EpiLogos/QL-MEF#19(PR)"", ""maintenance"": {""updated_at"": ""2026-09-06"", ""change_refs"": [""codex:thread:01a07608-d2ec-7b10-9713-74c445adf8a5""]}, ""last_reconciled_at"": ""2026-09-06T14:30:24.557139+00:00""}",
H4->A5,relation,suite-relations,H4,A5,[],,,,,agent-inference,O-I:docs/CANONICAL-PRODUCT-FIELD.md|QL-MEF#19(PR),,,,45:actuality-formal-intelligence,H,"{""src_product"": ""Workcell"", ""dst_product"": ""QL"", ""ql"": ""D2-transform"", ""cf_view"": ""CF5/CF6-field"", ""seam"": ""45:actuality-formal-intelligence"", ""defined_in"": ""O-I:docs/CANONICAL-PRODUCT-FIELD.md|QL-MEF#19(PR)"", ""tracked_by"": ""EpiLogos/O-I#29;EpiLogos/Workcell#18(PR);EpiLogos/QL-MEF#19(PR)"", ""maintenance"": {""updated_at"": ""2026-09-06"", ""change_refs"": [""codex:thread:01a07608-d2ec-7b10-9713-74c445adf8a5""]}, ""last_reconciled_at"": ""2026-09-06T14:30:24.557139+00:00""}",
H5->H0,relation,suite-relations,H5,H0,[],,,,,agent-inference,O-I:docs/CANONICAL-PRODUCT-FIELD.md|QL-MEF#19(PR),,,,05/50:ground-synthesis,H,"{""src_product"": ""QL"", ""dst_product"": ""Central"", ""ql"": ""B3|C1"", ""cf_view"": ""CF7"", ""seam"": ""05/50:ground-synthesis"", ""defined_in"": ""O-I:docs/CANONICAL-PRODUCT-FIELD.md|QL-MEF#19(PR)"", ""tracked_by"": ""EpiLogos/O-I#29;EpiLogos/Central#24(PR);EpiLogos/QL-MEF#19(PR)"", ""maintenance"": {""updated_at"": ""2026-09-06"", ""change_refs"": [""codex:thread:01a07608-d2ec-7b10-9713-74c445adf8a5""]}, ""last_reconciled_at"": ""2026-09-06T14:30:24.557139+00:00""}",
H5->H1,relation,suite-relations,H5,H1,[],,,,,agent-inference,O-I:docs/CANONICAL-PRODUCT-FIELD.md|QL-MEF#19(PR),,,,15:agency-ql,S,"{""src_product"": ""QL"", ""dst_product"": ""Actuation"", ""ql"": """", ""cf_view"": """", ""seam"": ""15:agency-ql"", ""defined_in"": ""O-I:docs/CANONICAL-PRODUCT-FIELD.md|QL-MEF#19(PR)"", ""tracked_by"": ""EpiLogos/O-I#29;EpiLogos/Actuation#1;EpiLogos/QL-MEF#19(PR)"", ""maintenance"": {""updated_at"": ""2026-09-06"", ""change_refs"": [""codex:thread:01a07608-d2ec-7b10-9713-74c445adf8a5""]}, ""last_reconciled_at"": ""2026-09-06T14:30:24.557139+00:00""}",
H5->H2,relation,suite-relations,H5,H2,[],,,,,agent-inference,O-I:docs/CANONICAL-PRODUCT-FIELD.md|QL-MEF#19(PR),,,,25:context-ql,S,"{""src_product"": ""QL"", ""dst_product"": ""AIKit"", ""ql"": """", ""cf_view"": """", ""seam"": ""25:context-ql"", ""defined_in"": ""O-I:docs/CANONICAL-PRODUCT-FIELD.md|QL-MEF#19(PR)"", ""tracked_by"": ""EpiLogos/O-I#29;EpiLogos/ai-kit#58(PR);EpiLogos/QL-MEF#19(PR)"", ""maintenance"": {""updated_at"": ""2026-09-06"", ""change_refs"": [""codex:thread:01a07608-d2ec-7b10-9713-74c445adf8a5""]}, ""last_reconciled_at"": ""2026-09-06T14:30:24.557139+00:00""}",
H5->H3,relation,suite-relations,H5,H3,[],,,,,agent-inference,O-I:docs/CANONICAL-PRODUCT-FIELD.md|QL-MEF#19(PR),,,,35:development-ql,S,"{""src_product"": ""QL"", ""dst_product"": ""Factory"", ""ql"": """", ""cf_view"": """", ""seam"": ""35:development-ql"", ""defined_in"": ""O-I:docs/CANONICAL-PRODUCT-FIELD.md|QL-MEF#19(PR)"", ""tracked_by"": ""EpiLogos/O-I#29;EpiLogos/agent-system-design#132(PR);EpiLogos/QL-MEF#19(PR)"", ""maintenance"": {""updated_at"": ""2026-09-06"", ""change_refs"": [""codex:thread:01a07608-d2ec-7b10-9713-74c445adf8a5""]}, ""last_reconciled_at"": ""2026-09-06T14:30:24.557139+00:00""}",
H5->H4,relation,suite-relations,H5,H4,[],,,,,agent-inference,O-I:docs/CANONICAL-PRODUCT-FIELD.md|QL-MEF#19(PR),,,,45:actuality-formal-intelligence,H,"{""src_product"": ""QL"", ""dst_product"": ""Workcell"", ""ql"": ""A3"", ""cf_view"": ""CF5/CF6-field"", ""seam"": ""45:actuality-formal-intelligence"", ""defined_in"": ""O-I:docs/CANONICAL-PRODUCT-FIELD.md|QL-MEF#19(PR)"", ""tracked_by"": ""EpiLogos/O-I#29;EpiLogos/Workcell#18(PR);EpiLogos/QL-MEF#19(PR)"", ""maintenance"": {""updated_at"": ""2026-09-06"", ""change_refs"": [""codex:thread:01a07608-d2ec-7b10-9713-74c445adf8a5""]}, ""last_reconciled_at"": ""2026-09-06T14:30:24.557139+00:00""}",
H5->H5,relation,suite-relations,H5,H5,[],,,,,agent-inference,O-I:docs/CANONICAL-PRODUCT-FIELD.md|QL-MEF#19(PR),,,,self:QL,I,"{""src_product"": ""QL"", ""dst_product"": ""QL"", ""ql"": """", ""cf_view"": """", ""seam"": ""self:QL"", ""defined_in"": ""O-I:docs/CANONICAL-PRODUCT-FIELD.md|QL-MEF#19(PR)"", ""tracked_by"": ""EpiLogos/O-I#29;EpiLogos/QL-MEF#19(PR)"", ""maintenance"": {""updated_at"": ""2026-09-06"", ""change_refs"": [""codex:thread:01a07608-d2ec-7b10-9713-74c445adf8a5""]}, ""last_reconciled_at"": ""2026-09-06T14:30:24.557139+00:00""}",
H5->A0,relation,suite-relations,H5,A0,[],,,,,agent-inference,O-I:docs/CANONICAL-PRODUCT-FIELD.md|QL-MEF#19(PR),,,,05/50:ground-synthesis,H,"{""src_product"": ""QL"", ""dst_product"": ""Central"", ""ql"": ""D2-transform|D2-complete"", ""cf_view"": ""CF7"", ""seam"": ""05/50:ground-synthesis"", ""defined_in"": ""O-I:docs/CANONICAL-PRODUCT-FIELD.md|QL-MEF#19(PR)"", ""tracked_by"": ""EpiLogos/O-I#29;EpiLogos/Central#24(PR);EpiLogos/QL-MEF#19(PR)"", ""maintenance"": {""updated_at"": ""2026-09-06"", ""change_refs"": [""codex:thread:01a07608-d2ec-7b10-9713-74c445adf8a5""]}, ""last_reconciled_at"": ""2026-09-06T14:30:24.557139+00:00""}",
H5->A1,relation,suite-relations,H5,A1,[],,,,,agent-inference,O-I:docs/CANONICAL-PRODUCT-FIELD.md|QL-MEF#19(PR),,,,15:agency-ql,S,"{""src_product"": ""QL"", ""dst_product"": ""Actuation"", ""ql"": """", ""cf_view"": """", ""seam"": ""15:agency-ql"", ""defined_in"": ""O-I:docs/CANONICAL-PRODUCT-FIELD.md|QL-MEF#19(PR)"", ""tracked_by"": ""EpiLogos/O-I#29;EpiLogos/Actuation#1;EpiLogos/QL-MEF#19(PR)"", ""maintenance"": {""updated_at"": ""2026-09-06"", ""change_refs"": [""codex:thread:01a07608-d2ec-7b10-9713-74c445adf8a5""]}, ""last_reconciled_at"": ""2026-09-06T14:30:24.557139+00:00""}",
H5->A2,relation,suite-relations,H5,A2,[],,,,,agent-inference,O-I:docs/CANONICAL-PRODUCT-FIELD.md|QL-MEF#19(PR),,,,25:context-ql,S,"{""src_product"": ""QL"", ""dst_product"": ""AIKit"", ""ql"": """", ""cf_view"": """", ""seam"": ""25:context-ql"", ""defined_in"": ""O-I:docs/CANONICAL-PRODUCT-FIELD.md|QL-MEF#19(PR)"", ""tracked_by"": ""EpiLogos/O-I#29;EpiLogos/ai-kit#58(PR);EpiLogos/QL-MEF#19(PR)"", ""maintenance"": {""updated_at"": ""2026-09-06"", ""change_refs"": [""codex:thread:01a07608-d2ec-7b10-9713-74c445adf8a5""]}, ""last_reconciled_at"": ""2026-09-06T14:30:24.557139+00:00""}",
H5->A3,relation,suite-relations,H5,A3,[],,,,,agent-inference,O-I:docs/CANONICAL-PRODUCT-FIELD.md|QL-MEF#19(PR),,,,35:development-ql,S,"{""src_product"": ""QL"", ""dst_product"": ""Factory"", ""ql"": """", ""cf_view"": """", ""seam"": ""35:development-ql"", ""defined_in"": ""O-I:docs/CANONICAL-PRODUCT-FIELD.md|QL-MEF#19(PR)"", ""tracked_by"": ""EpiLogos/O-I#29;EpiLogos/agent-system-design#132(PR);EpiLogos/QL-MEF#19(PR)"", ""maintenance"": {""updated_at"": ""2026-09-06"", ""change_refs"": [""codex:thread:01a07608-d2ec-7b10-9713-74c445adf8a5""]}, ""last_reconciled_at"": ""2026-09-06T14:30:24.557139+00:00""}",
H5->A4,relation,suite-relations,H5,A4,[],,,,,agent-inference,O-I:docs/CANONICAL-PRODUCT-FIELD.md|QL-MEF#19(PR),,,,45:actuality-formal-intelligence,H,"{""src_product"": ""QL"", ""dst_product"": ""Workcell"", ""ql"": ""D2-require"", ""cf_view"": ""CF5/CF6-field"", ""seam"": ""45:actuality-formal-intelligence"", ""defined_in"": ""O-I:docs/CANONICAL-PRODUCT-FIELD.md|QL-MEF#19(PR)"", ""tracked_by"": ""EpiLogos/O-I#29;EpiLogos/Workcell#18(PR);EpiLogos/QL-MEF#19(PR)"", ""maintenance"": {""updated_at"": ""2026-09-06"", ""change_refs"": [""codex:thread:01a07608-d2ec-7b10-9713-74c445adf8a5""]}, ""last_reconciled_at"": ""2026-09-06T14:30:24.557139+00:00""}",
H5->A5,relation,suite-relations,H5,A5,[],,,,,agent-inference,O-I:docs/CANONICAL-PRODUCT-FIELD.md|QL-MEF#19(PR),,,,conjugation:QL,H,"{""src_product"": ""QL"", ""dst_product"": ""QL"", ""ql"": ""D1"", ""cf_view"": """", ""seam"": ""conjugation:QL"", ""defined_in"": ""O-I:docs/CANONICAL-PRODUCT-FIELD.md|QL-MEF#19(PR)"", ""tracked_by"": ""EpiLogos/O-I#29;EpiLogos/QL-MEF#19(PR)"", ""maintenance"": {""updated_at"": ""2026-09-06"", ""change_refs"": [""codex:thread:01a07608-d2ec-7b10-9713-74c445adf8a5""]}, ""last_reconciled_at"": ""2026-09-06T14:30:24.557139+00:00""}",
A0->H5,relation,suite-relations,A0,H5,[],,,,,agent-inference,O-I:docs/CANONICAL-PRODUCT-FIELD.md|QL-MEF#19(PR),,,,05/50:ground-synthesis,H,"{""src_product"": ""Central"", ""dst_product"": ""QL"", ""ql"": ""D2-transform.inverse|D2-complete.inverse"", ""cf_view"": ""CF7"", ""seam"": ""05/50:ground-synthesis"", ""defined_in"": ""O-I:docs/CANONICAL-PRODUCT-FIELD.md|QL-MEF#19(PR)"", ""tracked_by"": ""EpiLogos/O-I#29;EpiLogos/Central#24(PR);EpiLogos/QL-MEF#19(PR)"", ""maintenance"": {""updated_at"": ""2026-09-06"", ""change_refs"": [""codex:thread:01a07608-d2ec-7b10-9713-74c445adf8a5""]}, ""last_reconciled_at"": ""2026-09-06T14:30:24.557139+00:00""}",
A0->A5,relation,suite-relations,A0,A5,[],,,,,agent-inference,O-I:docs/CANONICAL-PRODUCT-FIELD.md|QL-MEF#19(PR),,,,05/50:ground-synthesis,H,"{""src_product"": ""Central"", ""dst_product"": ""QL"", ""ql"": ""D3:B3|D3:C1"", ""cf_view"": ""CF7"", ""seam"": ""05/50:ground-synthesis"", ""defined_in"": ""O-I:docs/CANONICAL-PRODUCT-FIELD.md|QL-MEF#19(PR)"", ""tracked_by"": ""EpiLogos/O-I#29;EpiLogos/Central#24(PR);EpiLogos/QL-MEF#19(PR)"", ""maintenance"": {""updated_at"": ""2026-09-06"", ""change_refs"": [""codex:thread:01a07608-d2ec-7b10-9713-74c445adf8a5""]}, ""last_reconciled_at"": ""2026-09-06T14:30:24.557139+00:00""}",
A1->H5,relation,suite-relations,A1,H5,[],,,,,agent-inference,O-I:docs/CANONICAL-PRODUCT-FIELD.md|QL-MEF#19(PR),,,,15:agency-ql,S,"{""src_product"": ""Actuation"", ""dst_product"": ""QL"", ""ql"": """", ""cf_view"": """", ""seam"": ""15:agency-ql"", ""defined_in"": ""O-I:docs/CANONICAL-PRODUCT-FIELD.md|QL-MEF#19(PR)"", ""tracked_by"": ""EpiLogos/O-I#29;EpiLogos/Actuation#1;EpiLogos/QL-MEF#19(PR)"", ""maintenance"": {""updated_at"": ""2026-09-06"", ""change_refs"": [""codex:thread:01a07608-d2ec-7b10-9713-74c445adf8a5""]}, ""last_reconciled_at"": ""2026-09-06T14:30:24.557139+00:00""}",
A1->A5,relation,suite-relations,A1,A5,[],,,,,agent-inference,O-I:docs/CANONICAL-PRODUCT-FIELD.md|QL-MEF#19(PR),,,,15:agency-ql,S,"{""src_product"": ""Actuation"", ""dst_product"": ""QL"", ""ql"": """", ""cf_view"": """", ""seam"": ""15:agency-ql"", ""defined_in"": ""O-I:docs/CANONICAL-PRODUCT-FIELD.md|QL-MEF#19(PR)"", ""tracked_by"": ""EpiLogos/O-I#29;EpiLogos/Actuation#1;EpiLogos/QL-MEF#19(PR)"", ""maintenance"": {""updated_at"": ""2026-09-06"", ""change_refs"": [""codex:thread:01a07608-d2ec-7b10-9713-74c445adf8a5""]}, ""last_reconciled_at"": ""2026-09-06T14:30:24.557139+00:00""}",
A2->H5,relation,suite-relations,A2,H5,[],,,,,agent-inference,O-I:docs/CANONICAL-PRODUCT-FIELD.md|QL-MEF#19(PR),,,,25:context-ql,S,"{""src_product"": ""AIKit"", ""dst_product"": ""QL"", ""ql"": """", ""cf_view"": """", ""seam"": ""25:context-ql"", ""defined_in"": ""O-I:docs/CANONICAL-PRODUCT-FIELD.md|QL-MEF#19(PR)"", ""tracked_by"": ""EpiLogos/O-I#29;EpiLogos/ai-kit#58(PR);EpiLogos/QL-MEF#19(PR)"", ""maintenance"": {""updated_at"": ""2026-09-06"", ""change_refs"": [""codex:thread:01a07608-d2ec-7b10-9713-74c445adf8a5""]}, ""last_reconciled_at"": ""2026-09-06T14:30:24.557139+00:00""}",
A2->A5,relation,suite-relations,A2,A5,[],,,,,agent-inference,O-I:docs/CANONICAL-PRODUCT-FIELD.md|QL-MEF#19(PR),,,,25:context-ql,S,"{""src_product"": ""AIKit"", ""dst_product"": ""QL"", ""ql"": """", ""cf_view"": """", ""seam"": ""25:context-ql"", ""defined_in"": ""O-I:docs/CANONICAL-PRODUCT-FIELD.md|QL-MEF#19(PR)"", ""tracked_by"": ""EpiLogos/O-I#29;EpiLogos/ai-kit#58(PR);EpiLogos/QL-MEF#19(PR)"", ""maintenance"": {""updated_at"": ""2026-09-06"", ""change_refs"": [""codex:thread:01a07608-d2ec-7b10-9713-74c445adf8a5""]}, ""last_reconciled_at"": ""2026-09-06T14:30:24.557139+00:00""}",
A3->H5,relation,suite-relations,A3,H5,[],,,,,agent-inference,O-I:docs/CANONICAL-PRODUCT-FIELD.md|QL-MEF#19(PR),,,,35:development-ql,S,"{""src_product"": ""Factory"", ""dst_product"": ""QL"", ""ql"": """", ""cf_view"": """", ""seam"": ""35:development-ql"", ""defined_in"": ""O-I:docs/CANONICAL-PRODUCT-FIELD.md|QL-MEF#19(PR)"", ""tracked_by"": ""EpiLogos/O-I#29;EpiLogos/agent-system-design#132(PR);EpiLogos/QL-MEF#19(PR)"", ""maintenance"": {""updated_at"": ""2026-09-06"", ""change_refs"": [""codex:thread:01a07608-d2ec-7b10-9713-74c445adf8a5""]}, ""last_reconciled_at"": ""2026-09-06T14:30:24.557139+00:00""}",
A3->A5,relation,suite-relations,A3,A5,[],,,,,agent-inference,O-I:docs/CANONICAL-PRODUCT-FIELD.md|QL-MEF#19(PR),,,,35:development-ql,S,"{""src_product"": ""Factory"", ""dst_product"": ""QL"", ""ql"": """", ""cf_view"": """", ""seam"": ""35:development-ql"", ""defined_in"": ""O-I:docs/CANONICAL-PRODUCT-FIELD.md|QL-MEF#19(PR)"", ""tracked_by"": ""EpiLogos/O-I#29;EpiLogos/agent-system-design#132(PR);EpiLogos/QL-MEF#19(PR)"", ""maintenance"": {""updated_at"": ""2026-09-06"", ""change_refs"": [""codex:thread:01a07608-d2ec-7b10-9713-74c445adf8a5""]}, ""last_reconciled_at"": ""2026-09-06T14:30:24.557139+00:00""}",
A4->H5,relation,suite-relations,A4,H5,[],,,,,agent-inference,O-I:docs/CANONICAL-PRODUCT-FIELD.md|QL-MEF#19(PR),,,,45:actuality-formal-intelligence,H,"{""src_product"": ""Workcell"", ""dst_product"": ""QL"", ""ql"": ""D2-require.inverse"", ""cf_view"": ""CF5/CF6-field"", ""seam"": ""45:actuality-formal-intelligence"", ""defined_in"": ""O-I:docs/CANONICAL-PRODUCT-FIELD.md|QL-MEF#19(PR)"", ""tracked_by"": ""EpiLogos/O-I#29;EpiLogos/Workcell#18(PR);EpiLogos/QL-MEF#19(PR)"", ""maintenance"": {""updated_at"": ""2026-09-06"", ""change_refs"": [""codex:thread:01a07608-d2ec-7b10-9713-74c445adf8a5""]}, ""last_reconciled_at"": ""2026-09-06T14:30:24.557139+00:00""}",
A4->A5,relation,suite-relations,A4,A5,[],,,,,agent-inference,O-I:docs/CANONICAL-PRODUCT-FIELD.md|QL-MEF#19(PR),,,,45:actuality-formal-intelligence,H,"{""src_product"": ""Workcell"", ""dst_product"": ""QL"", ""ql"": ""D3:A3"", ""cf_view"": ""CF5/CF6-field"", ""seam"": ""45:actuality-formal-intelligence"", ""defined_in"": ""O-I:docs/CANONICAL-PRODUCT-FIELD.md|QL-MEF#19(PR)"", ""tracked_by"": ""EpiLogos/O-I#29;EpiLogos/Workcell#18(PR);EpiLogos/QL-MEF#19(PR)"", ""maintenance"": {""updated_at"": ""2026-09-06"", ""change_refs"": [""codex:thread:01a07608-d2ec-7b10-9713-74c445adf8a5""]}, ""last_reconciled_at"": ""2026-09-06T14:30:24.557139+00:00""}",
A5->H0,relation,suite-relations,A5,H0,[],,,,,agent-inference,O-I:docs/CANONICAL-PRODUCT-FIELD.md|QL-MEF#19(PR),,,,05/50:ground-synthesis,H,"{""src_product"": ""QL"", ""dst_product"": ""Central"", ""ql"": ""D2-require.inverse|D2-complete.inverse"", ""cf_view"": ""CF7"", ""seam"": ""05/50:ground-synthesis"", ""defined_in"": ""O-I:docs/CANONICAL-PRODUCT-FIELD.md|QL-MEF#19(PR)"", ""tracked_by"": ""EpiLogos/O-I#29;EpiLogos/Central#24(PR);EpiLogos/QL-MEF#19(PR)"", ""maintenance"": {""updated_at"": ""2026-09-06"", ""change_refs"": [""codex:thread:01a07608-d2ec-7b10-9713-74c445adf8a5""]}, ""last_reconciled_at"": ""2026-09-06T14:30:24.557139+00:00""}",
A5->H1,relation,suite-relations,A5,H1,[],,,,,agent-inference,O-I:docs/CANONICAL-PRODUCT-FIELD.md|QL-MEF#19(PR),,,,15:agency-ql,S,"{""src_product"": ""QL"", ""dst_product"": ""Actuation"", ""ql"": """", ""cf_view"": """", ""seam"": ""15:agency-ql"", ""defined_in"": ""O-I:docs/CANONICAL-PRODUCT-FIELD.md|QL-MEF#19(PR)"", ""tracked_by"": ""EpiLogos/O-I#29;EpiLogos/Actuation#1;EpiLogos/QL-MEF#19(PR)"", ""maintenance"": {""updated_at"": ""2026-09-06"", ""change_refs"": [""codex:thread:01a07608-d2ec-7b10-9713-74c445adf8a5""]}, ""last_reconciled_at"": ""2026-09-06T14:30:24.557139+00:00""}",
A5->H2,relation,suite-relations,A5,H2,[],,,,,agent-inference,O-I:docs/CANONICAL-PRODUCT-FIELD.md|QL-MEF#19(PR),,,,25:context-ql,S,"{""src_product"": ""QL"", ""dst_product"": ""AIKit"", ""ql"": """", ""cf_view"": """", ""seam"": ""25:context-ql"", ""defined_in"": ""O-I:docs/CANONICAL-PRODUCT-FIELD.md|QL-MEF#19(PR)"", ""tracked_by"": ""EpiLogos/O-I#29;EpiLogos/ai-kit#58(PR);EpiLogos/QL-MEF#19(PR)"", ""maintenance"": {""updated_at"": ""2026-09-06"", ""change_refs"": [""codex:thread:01a07608-d2ec-7b10-9713-74c445adf8a5""]}, ""last_reconciled_at"": ""2026-09-06T14:30:24.557139+00:00""}",
A5->H3,relation,suite-relations,A5,H3,[],,,,,agent-inference,O-I:docs/CANONICAL-PRODUCT-FIELD.md|QL-MEF#19(PR),,,,35:development-ql,S,"{""src_product"": ""QL"", ""dst_product"": ""Factory"", ""ql"": """", ""cf_view"": """", ""seam"": ""35:development-ql"", ""defined_in"": ""O-I:docs/CANONICAL-PRODUCT-FIELD.md|QL-MEF#19(PR)"", ""tracked_by"": ""EpiLogos/O-I#29;EpiLogos/agent-system-design#132(PR);EpiLogos/QL-MEF#19(PR)"", ""maintenance"": {""updated_at"": ""2026-09-06"", ""change_refs"": [""codex:thread:01a07608-d2ec-7b10-9713-74c445adf8a5""]}, ""last_reconciled_at"": ""2026-09-06T14:30:24.557139+00:00""}",
A5->H4,relation,suite-relations,A5,H4,[],,,,,agent-inference,O-I:docs/CANONICAL-PRODUCT-FIELD.md|QL-MEF#19(PR),,,,45:actuality-formal-intelligence,H,"{""src_product"": ""QL"", ""dst_product"": ""Workcell"", ""ql"": ""D2-transform.inverse"", ""cf_view"": ""CF5/CF6-field"", ""seam"": ""45:actuality-formal-intelligence"", ""defined_in"": ""O-I:docs/CANONICAL-PRODUCT-FIELD.md|QL-MEF#19(PR)"", ""tracked_by"": ""EpiLogos/O-I#29;EpiLogos/Workcell#18(PR);EpiLogos/QL-MEF#19(PR)"", ""maintenance"": {""updated_at"": ""2026-09-06"", ""change_refs"": [""codex:thread:01a07608-d2ec-7b10-9713-74c445adf8a5""]}, ""last_reconciled_at"": ""2026-09-06T14:30:24.557139+00:00""}",
A5->H5,relation,suite-relations,A5,H5,[],,,,,agent-inference,O-I:docs/CANONICAL-PRODUCT-FIELD.md|QL-MEF#19(PR),,,,conjugation:QL,H,"{""src_product"": ""QL"", ""dst_product"": ""QL"", ""ql"": ""D1.inverse"", ""cf_view"": """", ""seam"": ""conjugation:QL"", ""defined_in"": ""O-I:docs/CANONICAL-PRODUCT-FIELD.md|QL-MEF#19(PR)"", ""tracked_by"": ""EpiLogos/O-I#29;EpiLogos/QL-MEF#19(PR)"", ""maintenance"": {""updated_at"": ""2026-09-06"", ""change_refs"": [""codex:thread:01a07608-d2ec-7b10-9713-74c445adf8a5""]}, ""last_reconciled_at"": ""2026-09-06T14:30:24.557139+00:00""}",
A5->A0,relation,suite-relations,A5,A0,[],,,,,agent-inference,O-I:docs/CANONICAL-PRODUCT-FIELD.md|QL-MEF#19(PR),,,,05/50:ground-synthesis,H,"{""src_product"": ""QL"", ""dst_product"": ""Central"", ""ql"": ""D3:B3|D3:C1"", ""cf_view"": ""CF7"", ""seam"": ""05/50:ground-synthesis"", ""defined_in"": ""O-I:docs/CANONICAL-PRODUCT-FIELD.md|QL-MEF#19(PR)"", ""tracked_by"": ""EpiLogos/O-I#29;EpiLogos/Central#24(PR);EpiLogos/QL-MEF#19(PR)"", ""maintenance"": {""updated_at"": ""2026-09-06"", ""change_refs"": [""codex:thread:01a07608-d2ec-7b10-9713-74c445adf8a5""]}, ""last_reconciled_at"": ""2026-09-06T14:30:24.557139+00:00""}",
A5->A1,relation,suite-relations,A5,A1,[],,,,,agent-inference,O-I:docs/CANONICAL-PRODUCT-FIELD.md|QL-MEF#19(PR),,,,15:agency-ql,S,"{""src_product"": ""QL"", ""dst_product"": ""Actuation"", ""ql"": """", ""cf_view"": """", ""seam"": ""15:agency-ql"", ""defined_in"": ""O-I:docs/CANONICAL-PRODUCT-FIELD.md|QL-MEF#19(PR)"", ""tracked_by"": ""EpiLogos/O-I#29;EpiLogos/Actuation#1;EpiLogos/QL-MEF#19(PR)"", ""maintenance"": {""updated_at"": ""2026-09-06"", ""change_refs"": [""codex:thread:01a07608-d2ec-7b10-9713-74c445adf8a5""]}, ""last_reconciled_at"": ""2026-09-06T14:30:24.557139+00:00""}",
A5->A2,relation,suite-relations,A5,A2,[],,,,,agent-inference,O-I:docs/CANONICAL-PRODUCT-FIELD.md|QL-MEF#19(PR),,,,25:context-ql,S,"{""src_product"": ""QL"", ""dst_product"": ""AIKit"", ""ql"": """", ""cf_view"": """", ""seam"": ""25:context-ql"", ""defined_in"": ""O-I:docs/CANONICAL-PRODUCT-FIELD.md|QL-MEF#19(PR)"", ""tracked_by"": ""EpiLogos/O-I#29;EpiLogos/ai-kit#58(PR);EpiLogos/QL-MEF#19(PR)"", ""maintenance"": {""updated_at"": ""2026-09-06"", ""change_refs"": [""codex:thread:01a07608-d2ec-7b10-9713-74c445adf8a5""]}, ""last_reconciled_at"": ""2026-09-06T14:30:24.557139+00:00""}",
A5->A3,relation,suite-relations,A5,A3,[],,,,,agent-inference,O-I:docs/CANONICAL-PRODUCT-FIELD.md|QL-MEF#19(PR),,,,35:development-ql,S,"{""src_product"": ""QL"", ""dst_product"": ""Factory"", ""ql"": """", ""cf_view"": """", ""seam"": ""35:development-ql"", ""defined_in"": ""O-I:docs/CANONICAL-PRODUCT-FIELD.md|QL-MEF#19(PR)"", ""tracked_by"": ""EpiLogos/O-I#29;EpiLogos/agent-system-design#132(PR);EpiLogos/QL-MEF#19(PR)"", ""maintenance"": {""updated_at"": ""2026-09-06"", ""change_refs"": [""codex:thread:01a07608-d2ec-7b10-9713-74c445adf8a5""]}, ""last_reconciled_at"": ""2026-09-06T14:30:24.557139+00:00""}",
A5->A4,relation,suite-relations,A5,A4,[],,,,,agent-inference,O-I:docs/CANONICAL-PRODUCT-FIELD.md|QL-MEF#19(PR),,,,45:actuality-formal-intelligence,H,"{""src_product"": ""QL"", ""dst_product"": ""Workcell"", ""ql"": ""D3:A3"", ""cf_view"": ""CF5/CF6-field"", ""seam"": ""45:actuality-formal-intelligence"", ""defined_in"": ""O-I:docs/CANONICAL-PRODUCT-FIELD.md|QL-MEF#19(PR)"", ""tracked_by"": ""EpiLogos/O-I#29;EpiLogos/Workcell#18(PR);EpiLogos/QL-MEF#19(PR)"", ""maintenance"": {""updated_at"": ""2026-09-06"", ""change_refs"": [""codex:thread:01a07608-d2ec-7b10-9713-74c445adf8a5""]}, ""last_reconciled_at"": ""2026-09-06T14:30:24.557139+00:00""}",
A5->A5,relation,suite-relations,A5,A5,[],,,,,agent-inference,O-I:docs/CANONICAL-PRODUCT-FIELD.md|QL-MEF#19(PR),,,,self:QL,I,"{""src_product"": ""QL"", ""dst_product"": ""QL"", ""ql"": """", ""cf_view"": """", ""seam"": ""self:QL"", ""defined_in"": ""O-I:docs/CANONICAL-PRODUCT-FIELD.md|QL-MEF#19(PR)"", ""tracked_by"": ""EpiLogos/O-I#29;EpiLogos/QL-MEF#19(PR)"", ""maintenance"": {""updated_at"": ""2026-09-06"", ""change_refs"": [""codex:thread:01a07608-d2ec-7b10-9713-74c445adf8a5""]}, ""last_reconciled_at"": ""2026-09-06T14:30:24.557139+00:00""}",
rel.ql.q0.S,relation,product-field,q0,S,"[""cap.ql.kernel-parity""]",,,,,agent-inference,ProjectCentral/user/ql.html#whole-why,,,ql.html#whole/why,"People and Agents use patterns to understand a subject, but the pattern can remain implicit or become a label detached from the work. Quaternal Logic gives relational understanding an explicit form that can be inspected, compared and tested. Its research begins in the Epi-Logos inquiry into mind, relation and interiority; its software makes sufficiently specified parts of that inquiry operational.",,"{""basis"": ""Exact overview seed text. Capability links follow their existing governing expanded account units; cell placement is editorial inference."", ""seed_ref"": ""ql:seed:q0"", ""source_unit"": ""whole-why"", ""seed_sha256"": ""3869e8d7edfd0673735a78ad9ff3a02303c7cf74fcf63c2d9b392dc5afd30316"", ""source_standing"": ""agent-inference"", ""reconciled_change_ref"": ""codex:thread:01a07608-d2ec-7b10-9713-74c445adf8a5"", ""maintenance"": {""updated_at"": ""2026-09-06"", ""change_refs"": [""codex:thread:01a07608-d2ec-7b10-9713-74c445adf8a5""]}, ""last_reconciled_at"": ""2026-09-06T14:30:24.557139+00:00""}",Why?
rel.ql.q1.S,relation,product-field,q1,S,"[""cap.ql.cli-discovery"", ""cap.ql.kernel-operators"", ""cap.ql.pairing"", ""cap.ql.lens-registry"", ""cap.ql.context-frames"", ""cap.ql.vak-source"", ""cap.ql.service-negotiation"", ""cap.ql.client-modes""]",,,,,agent-inference,ProjectCentral/user/ql.html#whole-what,,,ql.html#whole/what,"Quaternal Logic / MEF is a Rust software product with a native ql CLI, a shared formal kernel, twelve MEF lenses and versioned service and client contracts. It computes defined structural relations, exposes canonical registries, retrieves source-bearing Vāk context and supports attributable readings of existing subjects. The broader research programme develops further operations through explicit contracts and evidence.",,"{""basis"": ""Exact overview seed text. Capability links follow their existing governing expanded account units; cell placement is editorial inference."", ""seed_ref"": ""ql:seed:q1"", ""source_unit"": ""whole-what"", ""seed_sha256"": ""ed702daab4d4f5a6a5d743844c8cda1a9e687b5302c16b4e48b3731aee8af483"", ""source_standing"": ""agent-inference"", ""reconciled_change_ref"": ""codex:thread:01a07608-d2ec-7b10-9713-74c445adf8a5"", ""maintenance"": {""updated_at"": ""2026-09-06"", ""change_refs"": [""codex:thread:01a07608-d2ec-7b10-9713-74c445adf8a5""]}, ""last_reconciled_at"": ""2026-09-06T14:30:24.557139+00:00""}",What?
rel.ql.q2.S,relation,product-field,q2,S,"[""cap.ql.service-readings"", ""cap.ql.wiki-refraction"", ""cap.ql.wiki-portals"", ""cap.ql.living-wiki""]",,,,,agent-inference,ProjectCentral/user/ql.html#whole-how,,,ql.html#whole/how,"A user or client selects a subject, preserves its identity and revision, then chooses a formal operation or a refractive perspective. QL validates the structure and returns the result with its operation, version and source basis. Deterministic kernel operations act directly; richer readings use an explicitly available provider. A client can compare the reading with its original material and retain the difference that proves useful.",,"{""basis"": ""Exact overview seed text. Capability links follow their existing governing expanded account units; cell placement is editorial inference."", ""seed_ref"": ""ql:seed:q2"", ""source_unit"": ""whole-how"", ""seed_sha256"": ""b64f4d4d716b918dbf2863312ad9e7c3115cce9773a7788d547894567a6e0c83"", ""source_standing"": ""agent-inference"", ""reconciled_change_ref"": ""codex:thread:01a07608-d2ec-7b10-9713-74c445adf8a5"", ""maintenance"": {""updated_at"": ""2026-09-06"", ""change_refs"": [""codex:thread:01a07608-d2ec-7b10-9713-74c445adf8a5""]}, ""last_reconciled_at"": ""2026-09-06T14:30:24.557139+00:00""}",How?
rel.ql.q3.S,relation,product-field,q3,S,"[""cap.ql.shape"", ""cap.ql.external-frame"", ""cap.ql.wiki-structure""]",,,,,agent-inference,ProjectCentral/user/ql.html#whole-whereby,,,ql.html#whole/whereby,"QL serves people organising knowledge, developers exposing relational views and researchers testing formal propositions. Stable addresses, a whole anchor, complementary relations and multiple lenses let them inspect different aspects of the same subject. The subject remains owned by its originating product, while QL owns the formal reading and its provenance.",,"{""basis"": ""Exact overview seed text. Capability links follow their existing governing expanded account units; cell placement is editorial inference."", ""seed_ref"": ""ql:seed:q3"", ""source_unit"": ""whole-whereby"", ""seed_sha256"": ""124c1f33c42b0140a1d750f54501605e96b42cd630f16f17a532028c2a381e4b"", ""source_standing"": ""agent-inference"", ""reconciled_change_ref"": ""codex:thread:01a07608-d2ec-7b10-9713-74c445adf8a5"", ""maintenance"": {""updated_at"": ""2026-09-06"", ""change_refs"": [""codex:thread:01a07608-d2ec-7b10-9713-74c445adf8a5""]}, ""last_reconciled_at"": ""2026-09-06T14:30:24.557139+00:00""}",Who / Whereby?
rel.ql.q4.S,relation,product-field,q4,S,"[""cap.ql.vak-context""]",,,,,agent-inference,ProjectCentral/user/ql.html#whole-context,,,ql.html#whole/context,"QL can be used at a terminal, through Rust libraries or as an optional provider within a larger O:I workflow. It is useful when a person needs to disclose a structure, compare relationships, or test whether a proposed distinction changes an outcome. Ordinary work and ordinary sources remain usable before any QL reading is requested; the chosen scope and available evidence determine the depth of a reading.",,"{""basis"": ""Exact overview seed text. Capability links follow their existing governing expanded account units; cell placement is editorial inference."", ""seed_ref"": ""ql:seed:q4"", ""source_unit"": ""whole-context"", ""seed_sha256"": ""3164ed3d0ccf6d573724b7859bb8dc70ab6b89c92e20590bc7360511f885053b"", ""source_standing"": ""agent-inference"", ""reconciled_change_ref"": ""codex:thread:01a07608-d2ec-7b10-9713-74c445adf8a5"", ""maintenance"": {""updated_at"": ""2026-09-06"", ""change_refs"": [""codex:thread:01a07608-d2ec-7b10-9713-74c445adf8a5""]}, ""last_reconciled_at"": ""2026-09-06T14:30:24.557139+00:00""}",Where / When?
rel.ql.q5.S,relation,product-field,q5,S,"[""cap.ql.cli-verification""]",,,,,agent-inference,ProjectCentral/user/ql.html#whole-purpose,,,ql.html#whole/purpose,"QL is for developing a more explicit and relationally aware encounter with knowledge and agentic work. It gives O:I and Epi-Logos a common formal resource while leaving each product responsible for its own actions and meaning. Its success lies in useful understanding and demonstrable operations: a reading that clarifies a decision, a structure that preserves relationships, or an experiment that teaches us which distinctions carry real consequences.",,"{""basis"": ""Exact overview seed text. Capability links follow their existing governing expanded account units; cell placement is editorial inference."", ""seed_ref"": ""ql:seed:q5"", ""source_unit"": ""whole-purpose"", ""seed_sha256"": ""0b2bff63c1b59bed272e2b4a2c7863e946064f70525302b179d8c9e2b17ae630"", ""source_standing"": ""agent-inference"", ""reconciled_change_ref"": ""codex:thread:01a07608-d2ec-7b10-9713-74c445adf8a5"", ""maintenance"": {""updated_at"": ""2026-09-06"", ""change_refs"": [""codex:thread:01a07608-d2ec-7b10-9713-74c445adf8a5""]}, ""last_reconciled_at"": ""2026-09-06T14:30:24.557139+00:00""}",Why-For?
rel.ql.q3.S0,relation,product-field,q3,S0,"[""cap.ql.pairing"", ""cap.ql.external-frame"", ""cap.ql.client-modes""]",,,,,agent-inference,ProjectCentral/user/ql.html#q3-identity,,,ql.html#q3/identity,Central holds durable source; AIKit interprets and navigates knowledge; other native products enact their own responsibilities.,,"{""basis"": ""Exact account sentence; cell placement is editorial inference."", ""source_unit"": ""q3-identity"", ""maintenance"": {""updated_at"": ""2026-09-06"", ""change_refs"": [""codex:thread:01a07608-d2ec-7b10-9713-74c445adf8a5""]}, ""last_reconciled_at"": ""2026-09-06T14:30:24.557139+00:00""}",
rel.ql.q2.S2,relation,product-field,q2,S2,"[""cap.ql.wiki-refraction"", ""cap.ql.wiki-portals"", ""cap.ql.living-wiki""]",,,,,agent-inference,ProjectCentral/user/ql.html#q2-wiki-encounter,,,ql.html#q2/wiki-encounter,"An AIKit client can supply a bounded WikiFrame: the target wiki, revision, selected nodes and explicit mapping information.",,"{""basis"": ""Exact account sentence; cell placement is editorial inference."", ""source_unit"": ""q2-wiki-encounter"", ""maintenance"": {""updated_at"": ""2026-09-06"", ""change_refs"": [""codex:thread:01a07608-d2ec-7b10-9713-74c445adf8a5""]}, ""last_reconciled_at"": ""2026-09-06T14:30:24.557139+00:00""}",
rel.ql.q3.S3,relation,product-field,q3,S3,"[""cap.ql.pairing"", ""cap.ql.external-frame"", ""cap.ql.client-modes""]",,,,,agent-inference,ProjectCentral/user/ql.html#q3-identity,,,ql.html#q3/identity,"A Factory Run, AIKit Resource or Wiki subject carries its native identity into a QL request.",,"{""basis"": ""Exact account sentence; cell placement is editorial inference."", ""source_unit"": ""q3-identity"", ""maintenance"": {""updated_at"": ""2026-09-06"", ""change_refs"": [""codex:thread:01a07608-d2ec-7b10-9713-74c445adf8a5""]}, ""last_reconciled_at"": ""2026-09-06T14:30:24.557139+00:00""}",
cap.ql.agent-determination,capability,,,,[],Read an encountered event before asking a classifier,Native agent-event project/frame/validate; explicit AIKit-backed ql-agent-decide,"Observed and derived facts, legal unresolved heads, attributable learned evidence and refused candidates travel separately",implemented and installed as a bounded native instrument; actual deterministic/adverse calls retained; shared Source-tip qualification pending,agent-inference,docs/integrations/epi-logos/QL-AGENT-DECISION-CONTRACTS.md,crates/ql-mef/src/agent_event.rs;crates/ql-mef/src/agent_event/admission.rs;crates/ql-cli/src/agent_event_command.rs;scripts/ql_agent_decide.py,crates/ql-mef/tests/agent_event.rs;scripts/tests/test_ql_agent_decide.py,ql.html#q2/refract,,,"{""cli_commands"": [""agent-event.project"", ""agent-event.frame"", ""agent-event.validate""], ""cli_exposure"": {""kind"": ""composed"", ""reason"": ""The source/development QL CLI declares these operations; the managed ql-agent instrument and installed body extension exercise the same native owners. The older general ql installation and current Source-tip qualification remain distinct.""}, ""maintenance"": {""updated_at"": ""2026-10-04"", ""change_refs"": [""https://github.com/EpiLogos/QL-MEF/issues/291#issuecomment-5979838930""], ""code_basis"": {""crates/ql-mef/src/agent_event.rs"": ""35211df6d3a266d0378a5c8fa580eb6ef399e9a9dee1ef751da86bf9610285b3"", ""crates/ql-mef/src/agent_event/admission.rs"": ""4018fc4dc2c73db78af44ac2c0615978c996a1b9a51b19f39af635eb596089de"", ""crates/ql-cli/src/agent_event_command.rs"": ""5531b361ee7d686825b9800b75af0b023f1b45c1541bbc0d2efe91e1025c5e63"", ""scripts/ql_agent_decide.py"": ""0d8c59aaa7e43112d7e3af17f77d2d4610b28127c1de68cde86172ff7d5280e5""}}, ""documentation"": {""architecture_refs"": [""../../docs/integrations/epi-logos/QL-AGENT-DECISION-CONTRACTS.md""], ""praxis_refs"": [""skill/ql-native-owner/ql-agent""]}, ""acceptance_boundary"": ""Executed installed evidence is bounded; current shared Source publication/qualification and programme-wide acceptance remain open."", ""last_reconciled_at"": ""2026-10-04T13:57:58.094919+00:00""}",
cap.ql.harmonic-event,capability,,,,[],Read the musical consequences of formal activity,Native agent-event harmonic over the same event and kernel basis,"Computed pitches, ratios and completion/modal consequences remain distinct from formal state",implemented; actual installed L2/L2-prime formal/harmonic parity retained; no sound-generation acceptance claimed,agent-inference,docs/integrations/epi-logos/QL-AGENT-DECISION-CONTRACTS.md,crates/ql-mef/src/agent_event.rs;crates/ql-cli/src/agent_event_command.rs,crates/ql-mef/tests/agent_event.rs,ql.html#q2/refract,,,"{""cli_commands"": [""agent-event.harmonic""], ""cli_exposure"": {""kind"": ""composed"", ""reason"": ""The source/development QL CLI declares these operations; the managed ql-agent instrument and installed body extension exercise the same native owners. The older general ql installation and current Source-tip qualification remain distinct.""}, ""maintenance"": {""updated_at"": ""2026-10-04"", ""change_refs"": [""https://github.com/EpiLogos/QL-MEF/issues/291#issuecomment-5979838930""], ""code_basis"": {""crates/ql-mef/src/agent_event.rs"": ""35211df6d3a266d0378a5c8fa580eb6ef399e9a9dee1ef751da86bf9610285b3"", ""crates/ql-cli/src/agent_event_command.rs"": ""5531b361ee7d686825b9800b75af0b023f1b45c1541bbc0d2efe91e1025c5e63""}}, ""documentation"": {""architecture_refs"": [""../../docs/integrations/epi-logos/QL-AGENT-DECISION-CONTRACTS.md""], ""praxis_refs"": [""skill/ql-native-owner/ql-agent""]}, ""acceptance_boundary"": ""Executed installed evidence is bounded; current shared Source publication/qualification and programme-wide acceptance remain open."", ""last_reconciled_at"": ""2026-10-04T13:57:58.094919+00:00""}",
cap.ql.agent-bodies,capability,,,,[],Use the same QL determination in Prime and Pi,One QL-owned extension and encounter instrument expose six typed tools with optional non-blocking hooks,Actual native operation and Source uptake continue through each body; session/body identity stays separate,"installed Prime/Pi owner extension; genuine tool calls, adverse cases and fresh trained Source uptake retained; no implicit classifier or default-model election",agent-inference,docs/integrations/epi-logos/QL-AGENT-DECISION-CONTRACTS.md,adapters/pi/ql-agent/extensions/ql-agent.ts;adapters/pi/ql-agent/extensions/ql-event-context.ts;scripts/ql_agent_encounter.py;scripts/ql_agent_body_evidence.py;crates/ql-cli/src/epi_agent_command.rs;crates/ql-mef/src/epi_agent.rs,crates/ql-cli/tests/pi_agent_native.rs;adapters/pi/ql-agent/tests/native-body-loop-cli.mjs;adapters/pi/ql-agent/tests/native-encounter-loop.mjs;scripts/tests/test_ql_agent_body_evidence.py,ql.html#q2/refract,,,"{""cli_commands"": [""epi-agent.constitution"", ""epi-agent.faculty"", ""epi-agent.invoke""], ""cli_exposure"": {""kind"": ""composed"", ""reason"": ""The source/development QL CLI declares these operations; the managed ql-agent instrument and installed body extension exercise the same native owners. The older general ql installation and current Source-tip qualification remain distinct.""}, ""maintenance"": {""updated_at"": ""2026-10-04"", ""change_refs"": [""https://github.com/EpiLogos/QL-MEF/issues/291#issuecomment-5979838930"", ""QL-MEF#291:native-faculty-source-mapping-20261004""], ""code_basis"": {""adapters/pi/ql-agent/extensions/ql-agent.ts"": ""3e33f6cf93386da48953c29310cbcbd15e9ebbf37f840f4a08a84ddc8b7e6ba7"", ""adapters/pi/ql-agent/extensions/ql-event-context.ts"": ""1522b74650158f88206319a11c776ca1d50fc7cc02f603095e5dacf202f68e57"", ""scripts/ql_agent_encounter.py"": ""183e3ee03bc4a84f20219d2232e553a1069de784fe2bf98c1da0f40d140d62c1"", ""scripts/ql_agent_body_evidence.py"": ""34aaed21ffe4d70f80cd8f4b38581a3891f6b93258ef2310712fca2c3d183406"", ""crates/ql-cli/src/epi_agent_command.rs"": ""656456db509854b0f1f659a4727d3b567d95b5ebc47795b6e22120f64766e054"", ""crates/ql-mef/src/epi_agent.rs"": ""2938fdb9d42415acfb9c96b9181cc48c8b748c5f5d5b7ed4caf113c60c0e08cd""}}, ""documentation"": {""architecture_refs"": [""../../docs/integrations/epi-logos/QL-AGENT-DECISION-CONTRACTS.md""], ""praxis_refs"": [""skill/ql-native-owner/ql-agent""]}, ""acceptance_boundary"": ""Executed installed evidence is bounded; current shared Source publication/qualification and programme-wide acceptance remain open."", ""last_reconciled_at"": ""2026-10-04T14:45:33.030828+00:00""}",
cap.ql.agent-research,capability,,,,[],Compare small semantic discriminators against executable QL laws,"Source-pinned corpus generation, frozen semantic evaluation, held-out training refusal and native M5 numerical Return",Comparable metrics and reproducible model/checkpoint basis expose quality and costs without making weights canonical,"actual native pipeline passed624 structural cases,105/105 deterministic test cases and frozen-suite training refusal; G5 research-only; expanded40-case model comparison awaits native capacity",agent-inference,docs/integrations/epi-logos/QL-AGENT-DECISION-CONTRACTS.md,scripts/ql_agent_corpus.py;scripts/ql_agent_semantic_corpus.py;scripts/ql_agent_evaluation.py;scripts/ql_agent_experiment_return.py;scripts/ql_agent_calibration.py;scripts/ql_agent_research.py,crates/ql-cli/tests/agent_research_native.rs;scripts/test-ql-agent-research.py;scripts/tests/test_ql_agent_calibration.py,ql.html#q5/verification,,,"{""cli_commands"": [], ""cli_exposure"": {""kind"": ""composed"", ""reason"": ""The source/development QL CLI declares these operations; the managed ql-agent instrument and installed body extension exercise the same native owners. The older general ql installation and current Source-tip qualification remain distinct.""}, ""maintenance"": {""updated_at"": ""2026-10-04"", ""change_refs"": [""https://github.com/EpiLogos/QL-MEF/issues/291#issuecomment-5979838930""], ""code_basis"": {""scripts/ql_agent_corpus.py"": ""d81e8332ef735c1a52beb39357426b36a00b4705c12baeb9998f2310fad332f7"", ""scripts/ql_agent_semantic_corpus.py"": ""25ae57c9a291c4a0d4d7fd955cc596bcdab1ae11679b263e14d6fe642aac565e"", ""scripts/ql_agent_evaluation.py"": ""90c71e63761022675655ac92197a8eba2cb871fb4f93b3bcf0c3c5aed337bced"", ""scripts/ql_agent_experiment_return.py"": ""888a5d90ea7868e07de2f10bb7096f389a2d7493bacd4f505ea9ed174cbe3fc3"", ""scripts/ql_agent_calibration.py"": ""0e587c9e715c854f6b45ffcc2a7ef81bb4724383531b8453bf1233bf3fe8de9e"", ""scripts/ql_agent_research.py"": ""63764a3053ee0ab1996cf83b66f2f80bff2380725d9ecd9d66f4cbfa64f37d30""}}, ""documentation"": {""architecture_refs"": [""../../docs/integrations/epi-logos/QL-AGENT-DECISION-CONTRACTS.md""], ""praxis_refs"": [""skill/ql-native-owner/ql-agent""]}, ""acceptance_boundary"": ""Executed installed evidence is bounded; current shared Source publication/qualification and programme-wide acceptance remain open."", ""last_reconciled_at"": ""2026-10-04T13:57:58.094919+00:00""}",
rel.ql.agent-decision.aikit,relation,product-field,q2,S2,"[""cap.ql.agent-determination"", ""cap.ql.agent-bodies""]",,,,,agent-inference,docs/integrations/epi-logos/QL-AGENT-DECISION-CONTRACTS.md,,,ql.html#q2/refract,"QL owns the event grammar, kernel candidates, validation and musical projection. AIKit executes explicitly selected providers and exports the native Pi tool contribution; unavailable inference preserves ordinary QL ability.",,"{""basis"": ""Existing Wayfinder #291 and exact installed native/API receipts; relational placement is agent inference."", ""maintenance"": {""updated_at"": ""2026-10-04"", ""change_refs"": [""https://github.com/EpiLogos/QL-MEF/issues/291#issuecomment-5979838930""]}, ""last_reconciled_at"": ""2026-10-04T13:57:58.094919+00:00""}",
rel.ql.agent-body.actuation,relation,product-field,q2,S1,"[""cap.ql.agent-determination"", ""cap.ql.harmonic-event"", ""cap.ql.agent-bodies""]",,,,,agent-inference,docs/integrations/epi-logos/QL-AGENT-DECISION-CONTRACTS.md,,,ql.html#q2/refract,Prime composes the same QL owner extension and receipts used by Pi. Body entry and ordinary tools remain available without a classifier; learned routing must lead to an admitted native operation.,,"{""basis"": ""Existing Wayfinder #291 and exact installed native/API receipts; relational placement is agent inference."", ""maintenance"": {""updated_at"": ""2026-10-04"", ""change_refs"": [""https://github.com/EpiLogos/QL-MEF/issues/291#issuecomment-5979838930""]}, ""last_reconciled_at"": ""2026-10-04T13:57:58.094919+00:00""}",
rel.ql.agent-research.factory,relation,product-field,q5,S3,"[""cap.ql.agent-research""]",,,,,agent-inference,docs/integrations/epi-logos/QL-AGENT-DECISION-CONTRACTS.md,,,ql.html#q5/verification,"Native M5 numerical Returns expose primary determination metrics, hard gates and costs for optimisation. Full Factory orchestration, broader semantic quality and default election remain open.",,"{""basis"": ""Existing Wayfinder #291 and exact installed native/API receipts; relational placement is agent inference."", ""maintenance"": {""updated_at"": ""2026-10-04"", ""change_refs"": [""https://github.com/EpiLogos/QL-MEF/issues/291#issuecomment-5979838930""]}, ""last_reconciled_at"": ""2026-10-04T13:57:58.094919+00:00""}",
