id,record_type,view_id,row_id,column_id,capability_refs,need,operation,outcome,implementation_status,standing,source_refs,code_refs,test_refs,account_ref,relation,coverage,extensions
S0->S0,relation,relations,technical:S0,technical:S0,[],,,,,agent-inference,Epi:S0-SPEC|Epi:R1-S-SPRIME-TECHNICAL-CAPABILITY-MATRIX,,,,self:CommandRuntimeGround,I,"{""id"":""S0->S0"",""src_product"":""CommandRuntimeGround"",""dst_product"":""CommandRuntimeGround"",""ql"":"""",""coverage"":""I"",""cf_view"":""CF1"",""seam"":""self:CommandRuntimeGround"",""defined_in"":""Epi:S0-SPEC|Epi:R1-S-SPRIME-TECHNICAL-CAPABILITY-MATRIX"",""tracked_by"":""QL-MEF#25;QL-MEF#30;QL-MEF#32"",""standing_mapping"":{""source"":""not specified by source CSV"",""canonical"":""agent-inference"",""basis"":""Unclassified source relation; no authority promotion.""}}"
S0->S1,relation,relations,technical:S0,technical:S1,[],,,,,agent-inference,Epi:S0-SPEC|Epi:S1-SPEC|Epi:R1-S-SPRIME-TECHNICAL-CAPABILITY-MATRIX,,,,01:command-residency,H,"{""id"":""S0->S1"",""src_product"":""CommandRuntimeGround"",""dst_product"":""VaultResidency"",""ql"":""A1"",""coverage"":""H"",""cf_view"":""CF2"",""seam"":""01:command-residency"",""defined_in"":""Epi:S0-SPEC|Epi:S1-SPEC|Epi:R1-S-SPRIME-TECHNICAL-CAPABILITY-MATRIX"",""tracked_by"":""QL-MEF#25;QL-MEF#30;QL-MEF#32"",""standing_mapping"":{""source"":""not specified by source CSV"",""canonical"":""agent-inference"",""basis"":""Unclassified source relation; no authority promotion.""}}"
S0->S2,relation,relations,technical:S0,technical:S2,[],,,,,agent-inference,Epi:S0-SPEC|Epi:S2-SPEC|Epi:R1-S-SPRIME-TECHNICAL-CAPABILITY-MATRIX,,,,02:command-graph,S,"{""id"":""S0->S2"",""src_product"":""CommandRuntimeGround"",""dst_product"":""GraphBody"",""ql"":"""",""coverage"":""S"",""cf_view"":""CF3"",""seam"":""02:command-graph"",""defined_in"":""Epi:S0-SPEC|Epi:S2-SPEC|Epi:R1-S-SPRIME-TECHNICAL-CAPABILITY-MATRIX"",""tracked_by"":""QL-MEF#25;QL-MEF#30;QL-MEF#32"",""standing_mapping"":{""source"":""not specified by source CSV"",""canonical"":""agent-inference"",""basis"":""Unclassified source relation; no authority promotion.""}}"
S0->S3,relation,relations,technical:S0,technical:S3,[],,,,,agent-inference,Epi:S0-SPEC|Epi:S3-SPEC|Epi:R1-S-SPRIME-TECHNICAL-CAPABILITY-MATRIX,,,,03:command-gateway-state,S,"{""id"":""S0->S3"",""src_product"":""CommandRuntimeGround"",""dst_product"":""GatewayControl"",""ql"":"""",""coverage"":""S"",""cf_view"":""CF4"",""seam"":""03:command-gateway-state"",""defined_in"":""Epi:S0-SPEC|Epi:S3-SPEC|Epi:R1-S-SPRIME-TECHNICAL-CAPABILITY-MATRIX"",""tracked_by"":""QL-MEF#25;QL-MEF#30;QL-MEF#32"",""standing_mapping"":{""source"":""not specified by source CSV"",""canonical"":""agent-inference"",""basis"":""Unclassified source relation; no authority promotion.""}}"
S0->S4,relation,relations,technical:S0,technical:S4,[],,,,,agent-inference,Epi:S0-SPEC|Epi:S4-SPEC|Epi:R1-S-SPRIME-TECHNICAL-CAPABILITY-MATRIX,,,,04:command-agent-runtime,S,"{""id"":""S0->S4"",""src_product"":""CommandRuntimeGround"",""dst_product"":""AgentRuntime"",""ql"":"""",""coverage"":""S"",""cf_view"":""CF5/CF6-field"",""seam"":""04:command-agent-runtime"",""defined_in"":""Epi:S0-SPEC|Epi:S4-SPEC|Epi:R1-S-SPRIME-TECHNICAL-CAPABILITY-MATRIX"",""tracked_by"":""QL-MEF#25;QL-MEF#30;QL-MEF#32"",""standing_mapping"":{""source"":""not specified by source CSV"",""canonical"":""agent-inference"",""basis"":""Unclassified source relation; no authority promotion.""}}"
S0->S5,relation,relations,technical:S0,technical:S5,[],,,,,agent-inference,Epi:S0-SPEC|Epi:S5-SPEC|Epi:R1-S-SPRIME-TECHNICAL-CAPABILITY-MATRIX,,,,05/50:command-world-return,H,"{""id"":""S0->S5"",""src_product"":""CommandRuntimeGround"",""dst_product"":""WorldBoundary"",""ql"":""B3|C1"",""coverage"":""H"",""cf_view"":""CF7"",""seam"":""05/50:command-world-return"",""defined_in"":""Epi:S0-SPEC|Epi:S5-SPEC|Epi:R1-S-SPRIME-TECHNICAL-CAPABILITY-MATRIX"",""tracked_by"":""QL-MEF#25;QL-MEF#30;QL-MEF#32"",""standing_mapping"":{""source"":""not specified by source CSV"",""canonical"":""agent-inference"",""basis"":""Unclassified source relation; no authority promotion.""}}"
S0->S0′,relation,relations,technical:S0,technical:S0′,[],,,,,agent-inference,Epi:S0-SPEC|Epi:R1-S-SPRIME-TECHNICAL-CAPABILITY-MATRIX,,,,conjugation:CommandRuntimeGround↔ReflectiveCLILaw,H,"{""id"":""S0->S0′"",""src_product"":""CommandRuntimeGround"",""dst_product"":""ReflectiveCLILaw"",""ql"":""D1"",""coverage"":""H"",""cf_view"":""CF1"",""seam"":""conjugation:CommandRuntimeGround↔ReflectiveCLILaw"",""defined_in"":""Epi:S0-SPEC|Epi:R1-S-SPRIME-TECHNICAL-CAPABILITY-MATRIX"",""tracked_by"":""QL-MEF#25;QL-MEF#30;QL-MEF#32"",""standing_mapping"":{""source"":""not specified by source CSV"",""canonical"":""agent-inference"",""basis"":""Unclassified source relation; no authority promotion.""}}"
S0->S1′,relation,relations,technical:S0,technical:S1′,[],,,,,agent-inference,Epi:S0-SPEC|Epi:S1-SPEC|Epi:R1-S-SPRIME-TECHNICAL-CAPABILITY-MATRIX,,,,01:command-residency,H,"{""id"":""S0->S1′"",""src_product"":""CommandRuntimeGround"",""dst_product"":""HenCompilerLaw"",""ql"":""D2-transform"",""coverage"":""H"",""cf_view"":""CF2"",""seam"":""01:command-residency"",""defined_in"":""Epi:S0-SPEC|Epi:S1-SPEC|Epi:R1-S-SPRIME-TECHNICAL-CAPABILITY-MATRIX"",""tracked_by"":""QL-MEF#25;QL-MEF#30;QL-MEF#32"",""standing_mapping"":{""source"":""not specified by source CSV"",""canonical"":""agent-inference"",""basis"":""Unclassified source relation; no authority promotion.""}}"
S0->S2′,relation,relations,technical:S0,technical:S2′,[],,,,,agent-inference,Epi:S0-SPEC|Epi:S2-SPEC|Epi:R1-S-SPRIME-TECHNICAL-CAPABILITY-MATRIX,,,,02:command-graph,S,"{""id"":""S0->S2′"",""src_product"":""CommandRuntimeGround"",""dst_product"":""CoordinateGraphLaw"",""ql"":"""",""coverage"":""S"",""cf_view"":""CF3"",""seam"":""02:command-graph"",""defined_in"":""Epi:S0-SPEC|Epi:S2-SPEC|Epi:R1-S-SPRIME-TECHNICAL-CAPABILITY-MATRIX"",""tracked_by"":""QL-MEF#25;QL-MEF#30;QL-MEF#32"",""standing_mapping"":{""source"":""not specified by source CSV"",""canonical"":""agent-inference"",""basis"":""Unclassified source relation; no authority promotion.""}}"
S0->S3′,relation,relations,technical:S0,technical:S3′,[],,,,,agent-inference,Epi:S0-SPEC|Epi:S3-SPEC|Epi:R1-S-SPRIME-TECHNICAL-CAPABILITY-MATRIX,,,,03:command-gateway-state,S,"{""id"":""S0->S3′"",""src_product"":""CommandRuntimeGround"",""dst_product"":""TemporalStateLaw"",""ql"":"""",""coverage"":""S"",""cf_view"":""CF4"",""seam"":""03:command-gateway-state"",""defined_in"":""Epi:S0-SPEC|Epi:S3-SPEC|Epi:R1-S-SPRIME-TECHNICAL-CAPABILITY-MATRIX"",""tracked_by"":""QL-MEF#25;QL-MEF#30;QL-MEF#32"",""standing_mapping"":{""source"":""not specified by source CSV"",""canonical"":""agent-inference"",""basis"":""Unclassified source relation; no authority promotion.""}}"
S0->S4′,relation,relations,technical:S0,technical:S4′,[],,,,,agent-inference,Epi:S0-SPEC|Epi:S4-SPEC|Epi:R1-S-SPRIME-TECHNICAL-CAPABILITY-MATRIX,,,,04:command-agent-runtime,S,"{""id"":""S0->S4′"",""src_product"":""CommandRuntimeGround"",""dst_product"":""TaOntaInhabitation"",""ql"":"""",""coverage"":""S"",""cf_view"":""CF5/CF6-field"",""seam"":""04:command-agent-runtime"",""defined_in"":""Epi:S0-SPEC|Epi:S4-SPEC|Epi:R1-S-SPRIME-TECHNICAL-CAPABILITY-MATRIX"",""tracked_by"":""QL-MEF#25;QL-MEF#30;QL-MEF#32"",""standing_mapping"":{""source"":""not specified by source CSV"",""canonical"":""agent-inference"",""basis"":""Unclassified source relation; no authority promotion.""}}"
S0->S5′,relation,relations,technical:S0,technical:S5′,[],,,,,agent-inference,Epi:S0-SPEC|Epi:S5-SPEC|Epi:R1-S-SPRIME-TECHNICAL-CAPABILITY-MATRIX,,,,05/50:command-world-return,H,"{""id"":""S0->S5′"",""src_product"":""CommandRuntimeGround"",""dst_product"":""EpiiReturnLaw"",""ql"":""D2-require|D2-complete"",""coverage"":""H"",""cf_view"":""CF7"",""seam"":""05/50:command-world-return"",""defined_in"":""Epi:S0-SPEC|Epi:S5-SPEC|Epi:R1-S-SPRIME-TECHNICAL-CAPABILITY-MATRIX"",""tracked_by"":""QL-MEF#25;QL-MEF#30;QL-MEF#32"",""standing_mapping"":{""source"":""not specified by source CSV"",""canonical"":""agent-inference"",""basis"":""Unclassified source relation; no authority promotion.""}}"
S1->S0,relation,relations,technical:S1,technical:S0,[],,,,,agent-inference,Epi:S0-SPEC|Epi:S1-SPEC|Epi:R1-S-SPRIME-TECHNICAL-CAPABILITY-MATRIX,,,,01:command-residency,H,"{""id"":""S1->S0"",""src_product"":""VaultResidency"",""dst_product"":""CommandRuntimeGround"",""ql"":""A1"",""coverage"":""H"",""cf_view"":""CF2"",""seam"":""01:command-residency"",""defined_in"":""Epi:S0-SPEC|Epi:S1-SPEC|Epi:R1-S-SPRIME-TECHNICAL-CAPABILITY-MATRIX"",""tracked_by"":""QL-MEF#25;QL-MEF#30;QL-MEF#32"",""standing_mapping"":{""source"":""not specified by source CSV"",""canonical"":""agent-inference"",""basis"":""Unclassified source relation; no authority promotion.""}}"
S1->S1,relation,relations,technical:S1,technical:S1,[],,,,,agent-inference,Epi:S1-SPEC|Epi:R1-S-SPRIME-TECHNICAL-CAPABILITY-MATRIX,,,,self:VaultResidency,I,"{""id"":""S1->S1"",""src_product"":""VaultResidency"",""dst_product"":""VaultResidency"",""ql"":"""",""coverage"":""I"",""cf_view"":""CF2"",""seam"":""self:VaultResidency"",""defined_in"":""Epi:S1-SPEC|Epi:R1-S-SPRIME-TECHNICAL-CAPABILITY-MATRIX"",""tracked_by"":""QL-MEF#25;QL-MEF#30;QL-MEF#32"",""standing_mapping"":{""source"":""not specified by source CSV"",""canonical"":""agent-inference"",""basis"":""Unclassified source relation; no authority promotion.""}}"
S1->S2,relation,relations,technical:S1,technical:S2,[],,,,,agent-inference,Epi:S1-SPEC|Epi:S2-SPEC|Epi:R1-S-SPRIME-TECHNICAL-CAPABILITY-MATRIX,,,,12:residency-graph,H,"{""id"":""S1->S2"",""src_product"":""VaultResidency"",""dst_product"":""GraphBody"",""ql"":""B1"",""coverage"":""H"",""cf_view"":""CF3"",""seam"":""12:residency-graph"",""defined_in"":""Epi:S1-SPEC|Epi:S2-SPEC|Epi:R1-S-SPRIME-TECHNICAL-CAPABILITY-MATRIX"",""tracked_by"":""QL-MEF#25;QL-MEF#30;QL-MEF#32"",""standing_mapping"":{""source"":""not specified by source CSV"",""canonical"":""agent-inference"",""basis"":""Unclassified source relation; no authority promotion.""}}"
S1->S3,relation,relations,technical:S1,technical:S3,[],,,,,agent-inference,Epi:S1-SPEC|Epi:S3-SPEC|Epi:R1-S-SPRIME-TECHNICAL-CAPABILITY-MATRIX,,,,13:residency-temporal-state,S,"{""id"":""S1->S3"",""src_product"":""VaultResidency"",""dst_product"":""GatewayControl"",""ql"":"""",""coverage"":""S"",""cf_view"":""CF4"",""seam"":""13:residency-temporal-state"",""defined_in"":""Epi:S1-SPEC|Epi:S3-SPEC|Epi:R1-S-SPRIME-TECHNICAL-CAPABILITY-MATRIX"",""tracked_by"":""QL-MEF#25;QL-MEF#30;QL-MEF#32"",""standing_mapping"":{""source"":""not specified by source CSV"",""canonical"":""agent-inference"",""basis"":""Unclassified source relation; no authority promotion.""}}"
S1->S4,relation,relations,technical:S1,technical:S4,[],,,,,agent-inference,Epi:S1-SPEC|Epi:S4-SPEC|Epi:R1-S-SPRIME-TECHNICAL-CAPABILITY-MATRIX,,,,14:residency-agentic-inhabitation,H,"{""id"":""S1->S4"",""src_product"":""VaultResidency"",""dst_product"":""AgentRuntime"",""ql"":""C2"",""coverage"":""H"",""cf_view"":""CF5-field"",""seam"":""14:residency-agentic-inhabitation"",""defined_in"":""Epi:S1-SPEC|Epi:S4-SPEC|Epi:R1-S-SPRIME-TECHNICAL-CAPABILITY-MATRIX"",""tracked_by"":""QL-MEF#25;QL-MEF#30;QL-MEF#32"",""standing_mapping"":{""source"":""not specified by source CSV"",""canonical"":""agent-inference"",""basis"":""Unclassified source relation; no authority promotion.""}}"
S1->S5,relation,relations,technical:S1,technical:S5,[],,,,,agent-inference,Epi:S1-SPEC|Epi:S5-SPEC|Epi:R1-S-SPRIME-TECHNICAL-CAPABILITY-MATRIX,,,,15:residency-world-return,S,"{""id"":""S1->S5"",""src_product"":""VaultResidency"",""dst_product"":""WorldBoundary"",""ql"":"""",""coverage"":""S"",""cf_view"":"""",""seam"":""15:residency-world-return"",""defined_in"":""Epi:S1-SPEC|Epi:S5-SPEC|Epi:R1-S-SPRIME-TECHNICAL-CAPABILITY-MATRIX"",""tracked_by"":""QL-MEF#25;QL-MEF#30;QL-MEF#32"",""standing_mapping"":{""source"":""not specified by source CSV"",""canonical"":""agent-inference"",""basis"":""Unclassified source relation; no authority promotion.""}}"
S1->S0′,relation,relations,technical:S1,technical:S0′,[],,,,,agent-inference,Epi:S0-SPEC|Epi:S1-SPEC|Epi:R1-S-SPRIME-TECHNICAL-CAPABILITY-MATRIX,,,,01:command-residency,H,"{""id"":""S1->S0′"",""src_product"":""VaultResidency"",""dst_product"":""ReflectiveCLILaw"",""ql"":""D2-require"",""coverage"":""H"",""cf_view"":""CF2"",""seam"":""01:command-residency"",""defined_in"":""Epi:S0-SPEC|Epi:S1-SPEC|Epi:R1-S-SPRIME-TECHNICAL-CAPABILITY-MATRIX"",""tracked_by"":""QL-MEF#25;QL-MEF#30;QL-MEF#32"",""standing_mapping"":{""source"":""not specified by source CSV"",""canonical"":""agent-inference"",""basis"":""Unclassified source relation; no authority promotion.""}}"
S1->S1′,relation,relations,technical:S1,technical:S1′,[],,,,,agent-inference,Epi:S1-SPEC|Epi:R1-S-SPRIME-TECHNICAL-CAPABILITY-MATRIX,,,,conjugation:VaultResidency↔HenCompilerLaw,H,"{""id"":""S1->S1′"",""src_product"":""VaultResidency"",""dst_product"":""HenCompilerLaw"",""ql"":""D1"",""coverage"":""H"",""cf_view"":""CF2"",""seam"":""conjugation:VaultResidency↔HenCompilerLaw"",""defined_in"":""Epi:S1-SPEC|Epi:R1-S-SPRIME-TECHNICAL-CAPABILITY-MATRIX"",""tracked_by"":""QL-MEF#25;QL-MEF#30;QL-MEF#32"",""standing_mapping"":{""source"":""not specified by source CSV"",""canonical"":""agent-inference"",""basis"":""Unclassified source relation; no authority promotion.""}}"
S1->S2′,relation,relations,technical:S1,technical:S2′,[],,,,,agent-inference,Epi:S1-SPEC|Epi:S2-SPEC|Epi:R1-S-SPRIME-TECHNICAL-CAPABILITY-MATRIX,,,,12:residency-graph,H,"{""id"":""S1->S2′"",""src_product"":""VaultResidency"",""dst_product"":""CoordinateGraphLaw"",""ql"":""D2-transform"",""coverage"":""H"",""cf_view"":""CF3"",""seam"":""12:residency-graph"",""defined_in"":""Epi:S1-SPEC|Epi:S2-SPEC|Epi:R1-S-SPRIME-TECHNICAL-CAPABILITY-MATRIX"",""tracked_by"":""QL-MEF#25;QL-MEF#30;QL-MEF#32"",""standing_mapping"":{""source"":""not specified by source CSV"",""canonical"":""agent-inference"",""basis"":""Unclassified source relation; no authority promotion.""}}"
S1->S3′,relation,relations,technical:S1,technical:S3′,[],,,,,agent-inference,Epi:S1-SPEC|Epi:S3-SPEC|Epi:R1-S-SPRIME-TECHNICAL-CAPABILITY-MATRIX,,,,13:residency-temporal-state,S,"{""id"":""S1->S3′"",""src_product"":""VaultResidency"",""dst_product"":""TemporalStateLaw"",""ql"":"""",""coverage"":""S"",""cf_view"":""CF4"",""seam"":""13:residency-temporal-state"",""defined_in"":""Epi:S1-SPEC|Epi:S3-SPEC|Epi:R1-S-SPRIME-TECHNICAL-CAPABILITY-MATRIX"",""tracked_by"":""QL-MEF#25;QL-MEF#30;QL-MEF#32"",""standing_mapping"":{""source"":""not specified by source CSV"",""canonical"":""agent-inference"",""basis"":""Unclassified source relation; no authority promotion.""}}"
S1->S4′,relation,relations,technical:S1,technical:S4′,[],,,,,agent-inference,Epi:S1-SPEC|Epi:S4-SPEC|Epi:R1-S-SPRIME-TECHNICAL-CAPABILITY-MATRIX,,,,14:residency-agentic-inhabitation,H,"{""id"":""S1->S4′"",""src_product"":""VaultResidency"",""dst_product"":""TaOntaInhabitation"",""ql"":""D2-complete"",""coverage"":""H"",""cf_view"":""CF5-field"",""seam"":""14:residency-agentic-inhabitation"",""defined_in"":""Epi:S1-SPEC|Epi:S4-SPEC|Epi:R1-S-SPRIME-TECHNICAL-CAPABILITY-MATRIX"",""tracked_by"":""QL-MEF#25;QL-MEF#30;QL-MEF#32"",""standing_mapping"":{""source"":""not specified by source CSV"",""canonical"":""agent-inference"",""basis"":""Unclassified source relation; no authority promotion.""}}"
S1->S5′,relation,relations,technical:S1,technical:S5′,[],,,,,agent-inference,Epi:S1-SPEC|Epi:S5-SPEC|Epi:R1-S-SPRIME-TECHNICAL-CAPABILITY-MATRIX,,,,15:residency-world-return,S,"{""id"":""S1->S5′"",""src_product"":""VaultResidency"",""dst_product"":""EpiiReturnLaw"",""ql"":"""",""coverage"":""S"",""cf_view"":"""",""seam"":""15:residency-world-return"",""defined_in"":""Epi:S1-SPEC|Epi:S5-SPEC|Epi:R1-S-SPRIME-TECHNICAL-CAPABILITY-MATRIX"",""tracked_by"":""QL-MEF#25;QL-MEF#30;QL-MEF#32"",""standing_mapping"":{""source"":""not specified by source CSV"",""canonical"":""agent-inference"",""basis"":""Unclassified source relation; no authority promotion.""}}"
S2->S0,relation,relations,technical:S2,technical:S0,[],,,,,agent-inference,Epi:S0-SPEC|Epi:S2-SPEC|Epi:R1-S-SPRIME-TECHNICAL-CAPABILITY-MATRIX,,,,02:command-graph,S,"{""id"":""S2->S0"",""src_product"":""GraphBody"",""dst_product"":""CommandRuntimeGround"",""ql"":"""",""coverage"":""S"",""cf_view"":""CF3"",""seam"":""02:command-graph"",""defined_in"":""Epi:S0-SPEC|Epi:S2-SPEC|Epi:R1-S-SPRIME-TECHNICAL-CAPABILITY-MATRIX"",""tracked_by"":""QL-MEF#25;QL-MEF#30;QL-MEF#32"",""standing_mapping"":{""source"":""not specified by source CSV"",""canonical"":""agent-inference"",""basis"":""Unclassified source relation; no authority promotion.""}}"
S2->S1,relation,relations,technical:S2,technical:S1,[],,,,,agent-inference,Epi:S1-SPEC|Epi:S2-SPEC|Epi:R1-S-SPRIME-TECHNICAL-CAPABILITY-MATRIX,,,,12:residency-graph,H,"{""id"":""S2->S1"",""src_product"":""GraphBody"",""dst_product"":""VaultResidency"",""ql"":""B1"",""coverage"":""H"",""cf_view"":""CF3"",""seam"":""12:residency-graph"",""defined_in"":""Epi:S1-SPEC|Epi:S2-SPEC|Epi:R1-S-SPRIME-TECHNICAL-CAPABILITY-MATRIX"",""tracked_by"":""QL-MEF#25;QL-MEF#30;QL-MEF#32"",""standing_mapping"":{""source"":""not specified by source CSV"",""canonical"":""agent-inference"",""basis"":""Unclassified source relation; no authority promotion.""}}"
S2->S2,relation,relations,technical:S2,technical:S2,[],,,,,agent-inference,Epi:S2-SPEC|Epi:R1-S-SPRIME-TECHNICAL-CAPABILITY-MATRIX,,,,self:GraphBody,I,"{""id"":""S2->S2"",""src_product"":""GraphBody"",""dst_product"":""GraphBody"",""ql"":"""",""coverage"":""I"",""cf_view"":""CF3"",""seam"":""self:GraphBody"",""defined_in"":""Epi:S2-SPEC|Epi:R1-S-SPRIME-TECHNICAL-CAPABILITY-MATRIX"",""tracked_by"":""QL-MEF#25;QL-MEF#30;QL-MEF#32"",""standing_mapping"":{""source"":""not specified by source CSV"",""canonical"":""agent-inference"",""basis"":""Unclassified source relation; no authority promotion.""}}"
S2->S3,relation,relations,technical:S2,technical:S3,[],,,,,agent-inference,Epi:S2-SPEC|Epi:S3-SPEC|Epi:R1-S-SPRIME-TECHNICAL-CAPABILITY-MATRIX,,,,23:graph-temporal-state,H,"{""id"":""S2->S3"",""src_product"":""GraphBody"",""dst_product"":""GatewayControl"",""ql"":""A2|C3"",""coverage"":""H"",""cf_view"":""CF4"",""seam"":""23:graph-temporal-state"",""defined_in"":""Epi:S2-SPEC|Epi:S3-SPEC|Epi:R1-S-SPRIME-TECHNICAL-CAPABILITY-MATRIX"",""tracked_by"":""QL-MEF#25;QL-MEF#30;QL-MEF#32"",""standing_mapping"":{""source"":""not specified by source CSV"",""canonical"":""agent-inference"",""basis"":""Unclassified source relation; no authority promotion.""}}"
S2->S4,relation,relations,technical:S2,technical:S4,[],,,,,agent-inference,Epi:S2-SPEC|Epi:S4-SPEC|Epi:R1-S-SPRIME-TECHNICAL-CAPABILITY-MATRIX,,,,24:graph-agentic-inhabitation,S,"{""id"":""S2->S4"",""src_product"":""GraphBody"",""dst_product"":""AgentRuntime"",""ql"":"""",""coverage"":""S"",""cf_view"":""CF5-field"",""seam"":""24:graph-agentic-inhabitation"",""defined_in"":""Epi:S2-SPEC|Epi:S4-SPEC|Epi:R1-S-SPRIME-TECHNICAL-CAPABILITY-MATRIX"",""tracked_by"":""QL-MEF#25;QL-MEF#30;QL-MEF#32"",""standing_mapping"":{""source"":""not specified by source CSV"",""canonical"":""agent-inference"",""basis"":""Unclassified source relation; no authority promotion.""}}"
S2->S5,relation,relations,technical:S2,technical:S5,[],,,,,agent-inference,Epi:S2-SPEC|Epi:S5-SPEC|Epi:R1-S-SPRIME-TECHNICAL-CAPABILITY-MATRIX,,,,25:graph-world-return,S,"{""id"":""S2->S5"",""src_product"":""GraphBody"",""dst_product"":""WorldBoundary"",""ql"":"""",""coverage"":""S"",""cf_view"":"""",""seam"":""25:graph-world-return"",""defined_in"":""Epi:S2-SPEC|Epi:S5-SPEC|Epi:R1-S-SPRIME-TECHNICAL-CAPABILITY-MATRIX"",""tracked_by"":""QL-MEF#25;QL-MEF#30;QL-MEF#32"",""standing_mapping"":{""source"":""not specified by source CSV"",""canonical"":""agent-inference"",""basis"":""Unclassified source relation; no authority promotion.""}}"
S2->S0′,relation,relations,technical:S2,technical:S0′,[],,,,,agent-inference,Epi:S0-SPEC|Epi:S2-SPEC|Epi:R1-S-SPRIME-TECHNICAL-CAPABILITY-MATRIX,,,,02:command-graph,S,"{""id"":""S2->S0′"",""src_product"":""GraphBody"",""dst_product"":""ReflectiveCLILaw"",""ql"":"""",""coverage"":""S"",""cf_view"":""CF3"",""seam"":""02:command-graph"",""defined_in"":""Epi:S0-SPEC|Epi:S2-SPEC|Epi:R1-S-SPRIME-TECHNICAL-CAPABILITY-MATRIX"",""tracked_by"":""QL-MEF#25;QL-MEF#30;QL-MEF#32"",""standing_mapping"":{""source"":""not specified by source CSV"",""canonical"":""agent-inference"",""basis"":""Unclassified source relation; no authority promotion.""}}"
S2->S1′,relation,relations,technical:S2,technical:S1′,[],,,,,agent-inference,Epi:S1-SPEC|Epi:S2-SPEC|Epi:R1-S-SPRIME-TECHNICAL-CAPABILITY-MATRIX,,,,12:residency-graph,H,"{""id"":""S2->S1′"",""src_product"":""GraphBody"",""dst_product"":""HenCompilerLaw"",""ql"":""D2-require"",""coverage"":""H"",""cf_view"":""CF3"",""seam"":""12:residency-graph"",""defined_in"":""Epi:S1-SPEC|Epi:S2-SPEC|Epi:R1-S-SPRIME-TECHNICAL-CAPABILITY-MATRIX"",""tracked_by"":""QL-MEF#25;QL-MEF#30;QL-MEF#32"",""standing_mapping"":{""source"":""not specified by source CSV"",""canonical"":""agent-inference"",""basis"":""Unclassified source relation; no authority promotion.""}}"
S2->S2′,relation,relations,technical:S2,technical:S2′,[],,,,,agent-inference,Epi:S2-SPEC|Epi:R1-S-SPRIME-TECHNICAL-CAPABILITY-MATRIX,,,,conjugation:GraphBody↔CoordinateGraphLaw,H,"{""id"":""S2->S2′"",""src_product"":""GraphBody"",""dst_product"":""CoordinateGraphLaw"",""ql"":""D1"",""coverage"":""H"",""cf_view"":""CF3"",""seam"":""conjugation:GraphBody↔CoordinateGraphLaw"",""defined_in"":""Epi:S2-SPEC|Epi:R1-S-SPRIME-TECHNICAL-CAPABILITY-MATRIX"",""tracked_by"":""QL-MEF#25;QL-MEF#30;QL-MEF#32"",""standing_mapping"":{""source"":""not specified by source CSV"",""canonical"":""agent-inference"",""basis"":""Unclassified source relation; no authority promotion.""}}"
S2->S3′,relation,relations,technical:S2,technical:S3′,[],,,,,agent-inference,Epi:S2-SPEC|Epi:S3-SPEC|Epi:R1-S-SPRIME-TECHNICAL-CAPABILITY-MATRIX,,,,23:graph-temporal-state,H,"{""id"":""S2->S3′"",""src_product"":""GraphBody"",""dst_product"":""TemporalStateLaw"",""ql"":""D2-transform|D2-complete"",""coverage"":""H"",""cf_view"":""CF4"",""seam"":""23:graph-temporal-state"",""defined_in"":""Epi:S2-SPEC|Epi:S3-SPEC|Epi:R1-S-SPRIME-TECHNICAL-CAPABILITY-MATRIX"",""tracked_by"":""QL-MEF#25;QL-MEF#30;QL-MEF#32"",""standing_mapping"":{""source"":""not specified by source CSV"",""canonical"":""agent-inference"",""basis"":""Unclassified source relation; no authority promotion.""}}"
S2->S4′,relation,relations,technical:S2,technical:S4′,[],,,,,agent-inference,Epi:S2-SPEC|Epi:S4-SPEC|Epi:R1-S-SPRIME-TECHNICAL-CAPABILITY-MATRIX,,,,24:graph-agentic-inhabitation,S,"{""id"":""S2->S4′"",""src_product"":""GraphBody"",""dst_product"":""TaOntaInhabitation"",""ql"":"""",""coverage"":""S"",""cf_view"":""CF5-field"",""seam"":""24:graph-agentic-inhabitation"",""defined_in"":""Epi:S2-SPEC|Epi:S4-SPEC|Epi:R1-S-SPRIME-TECHNICAL-CAPABILITY-MATRIX"",""tracked_by"":""QL-MEF#25;QL-MEF#30;QL-MEF#32"",""standing_mapping"":{""source"":""not specified by source CSV"",""canonical"":""agent-inference"",""basis"":""Unclassified source relation; no authority promotion.""}}"
S2->S5′,relation,relations,technical:S2,technical:S5′,[],,,,,agent-inference,Epi:S2-SPEC|Epi:S5-SPEC|Epi:R1-S-SPRIME-TECHNICAL-CAPABILITY-MATRIX,,,,25:graph-world-return,S,"{""id"":""S2->S5′"",""src_product"":""GraphBody"",""dst_product"":""EpiiReturnLaw"",""ql"":"""",""coverage"":""S"",""cf_view"":"""",""seam"":""25:graph-world-return"",""defined_in"":""Epi:S2-SPEC|Epi:S5-SPEC|Epi:R1-S-SPRIME-TECHNICAL-CAPABILITY-MATRIX"",""tracked_by"":""QL-MEF#25;QL-MEF#30;QL-MEF#32"",""standing_mapping"":{""source"":""not specified by source CSV"",""canonical"":""agent-inference"",""basis"":""Unclassified source relation; no authority promotion.""}}"
S3->S0,relation,relations,technical:S3,technical:S0,[],,,,,agent-inference,Epi:S0-SPEC|Epi:S3-SPEC|Epi:R1-S-SPRIME-TECHNICAL-CAPABILITY-MATRIX,,,,03:command-gateway-state,S,"{""id"":""S3->S0"",""src_product"":""GatewayControl"",""dst_product"":""CommandRuntimeGround"",""ql"":"""",""coverage"":""S"",""cf_view"":""CF4"",""seam"":""03:command-gateway-state"",""defined_in"":""Epi:S0-SPEC|Epi:S3-SPEC|Epi:R1-S-SPRIME-TECHNICAL-CAPABILITY-MATRIX"",""tracked_by"":""QL-MEF#25;QL-MEF#30;QL-MEF#32"",""standing_mapping"":{""source"":""not specified by source CSV"",""canonical"":""agent-inference"",""basis"":""Unclassified source relation; no authority promotion.""}}"
S3->S1,relation,relations,technical:S3,technical:S1,[],,,,,agent-inference,Epi:S1-SPEC|Epi:S3-SPEC|Epi:R1-S-SPRIME-TECHNICAL-CAPABILITY-MATRIX,,,,13:residency-temporal-state,S,"{""id"":""S3->S1"",""src_product"":""GatewayControl"",""dst_product"":""VaultResidency"",""ql"":"""",""coverage"":""S"",""cf_view"":""CF4"",""seam"":""13:residency-temporal-state"",""defined_in"":""Epi:S1-SPEC|Epi:S3-SPEC|Epi:R1-S-SPRIME-TECHNICAL-CAPABILITY-MATRIX"",""tracked_by"":""QL-MEF#25;QL-MEF#30;QL-MEF#32"",""standing_mapping"":{""source"":""not specified by source CSV"",""canonical"":""agent-inference"",""basis"":""Unclassified source relation; no authority promotion.""}}"
S3->S2,relation,relations,technical:S3,technical:S2,[],,,,,agent-inference,Epi:S2-SPEC|Epi:S3-SPEC|Epi:R1-S-SPRIME-TECHNICAL-CAPABILITY-MATRIX,,,,23:graph-temporal-state,H,"{""id"":""S3->S2"",""src_product"":""GatewayControl"",""dst_product"":""GraphBody"",""ql"":""A2|C3"",""coverage"":""H"",""cf_view"":""CF4"",""seam"":""23:graph-temporal-state"",""defined_in"":""Epi:S2-SPEC|Epi:S3-SPEC|Epi:R1-S-SPRIME-TECHNICAL-CAPABILITY-MATRIX"",""tracked_by"":""QL-MEF#25;QL-MEF#30;QL-MEF#32"",""standing_mapping"":{""source"":""not specified by source CSV"",""canonical"":""agent-inference"",""basis"":""Unclassified source relation; no authority promotion.""}}"
S3->S3,relation,relations,technical:S3,technical:S3,[],,,,,agent-inference,Epi:S3-SPEC|Epi:R1-S-SPRIME-TECHNICAL-CAPABILITY-MATRIX,,,,self:GatewayControl,I,"{""id"":""S3->S3"",""src_product"":""GatewayControl"",""dst_product"":""GatewayControl"",""ql"":"""",""coverage"":""I"",""cf_view"":""CF4"",""seam"":""self:GatewayControl"",""defined_in"":""Epi:S3-SPEC|Epi:R1-S-SPRIME-TECHNICAL-CAPABILITY-MATRIX"",""tracked_by"":""QL-MEF#25;QL-MEF#30;QL-MEF#32"",""standing_mapping"":{""source"":""not specified by source CSV"",""canonical"":""agent-inference"",""basis"":""Unclassified source relation; no authority promotion.""}}"
S3->S4,relation,relations,technical:S3,technical:S4,[],,,,,agent-inference,Epi:S3-SPEC|Epi:S4-SPEC|Epi:R1-S-SPRIME-TECHNICAL-CAPABILITY-MATRIX,,,,34:temporal-agentic-inhabitation,H,"{""id"":""S3->S4"",""src_product"":""GatewayControl"",""dst_product"":""AgentRuntime"",""ql"":""B2"",""coverage"":""H"",""cf_view"":""CF5-field"",""seam"":""34:temporal-agentic-inhabitation"",""defined_in"":""Epi:S3-SPEC|Epi:S4-SPEC|Epi:R1-S-SPRIME-TECHNICAL-CAPABILITY-MATRIX"",""tracked_by"":""QL-MEF#25;QL-MEF#30;QL-MEF#32"",""standing_mapping"":{""source"":""not specified by source CSV"",""canonical"":""agent-inference"",""basis"":""Unclassified source relation; no authority promotion.""}}"
S3->S5,relation,relations,technical:S3,technical:S5,[],,,,,agent-inference,Epi:S3-SPEC|Epi:S5-SPEC|Epi:R1-S-SPRIME-TECHNICAL-CAPABILITY-MATRIX,,,,35:temporal-world-return,S,"{""id"":""S3->S5"",""src_product"":""GatewayControl"",""dst_product"":""WorldBoundary"",""ql"":"""",""coverage"":""S"",""cf_view"":"""",""seam"":""35:temporal-world-return"",""defined_in"":""Epi:S3-SPEC|Epi:S5-SPEC|Epi:R1-S-SPRIME-TECHNICAL-CAPABILITY-MATRIX"",""tracked_by"":""QL-MEF#25;QL-MEF#30;QL-MEF#32"",""standing_mapping"":{""source"":""not specified by source CSV"",""canonical"":""agent-inference"",""basis"":""Unclassified source relation; no authority promotion.""}}"
S3->S0′,relation,relations,technical:S3,technical:S0′,[],,,,,agent-inference,Epi:S0-SPEC|Epi:S3-SPEC|Epi:R1-S-SPRIME-TECHNICAL-CAPABILITY-MATRIX,,,,03:command-gateway-state,S,"{""id"":""S3->S0′"",""src_product"":""GatewayControl"",""dst_product"":""ReflectiveCLILaw"",""ql"":"""",""coverage"":""S"",""cf_view"":""CF4"",""seam"":""03:command-gateway-state"",""defined_in"":""Epi:S0-SPEC|Epi:S3-SPEC|Epi:R1-S-SPRIME-TECHNICAL-CAPABILITY-MATRIX"",""tracked_by"":""QL-MEF#25;QL-MEF#30;QL-MEF#32"",""standing_mapping"":{""source"":""not specified by source CSV"",""canonical"":""agent-inference"",""basis"":""Unclassified source relation; no authority promotion.""}}"
S3->S1′,relation,relations,technical:S3,technical:S1′,[],,,,,agent-inference,Epi:S1-SPEC|Epi:S3-SPEC|Epi:R1-S-SPRIME-TECHNICAL-CAPABILITY-MATRIX,,,,13:residency-temporal-state,S,"{""id"":""S3->S1′"",""src_product"":""GatewayControl"",""dst_product"":""HenCompilerLaw"",""ql"":"""",""coverage"":""S"",""cf_view"":""CF4"",""seam"":""13:residency-temporal-state"",""defined_in"":""Epi:S1-SPEC|Epi:S3-SPEC|Epi:R1-S-SPRIME-TECHNICAL-CAPABILITY-MATRIX"",""tracked_by"":""QL-MEF#25;QL-MEF#30;QL-MEF#32"",""standing_mapping"":{""source"":""not specified by source CSV"",""canonical"":""agent-inference"",""basis"":""Unclassified source relation; no authority promotion.""}}"
S3->S2′,relation,relations,technical:S3,technical:S2′,[],,,,,agent-inference,Epi:S2-SPEC|Epi:S3-SPEC|Epi:R1-S-SPRIME-TECHNICAL-CAPABILITY-MATRIX,,,,23:graph-temporal-state,H,"{""id"":""S3->S2′"",""src_product"":""GatewayControl"",""dst_product"":""CoordinateGraphLaw"",""ql"":""D2-require|D2-complete"",""coverage"":""H"",""cf_view"":""CF4"",""seam"":""23:graph-temporal-state"",""defined_in"":""Epi:S2-SPEC|Epi:S3-SPEC|Epi:R1-S-SPRIME-TECHNICAL-CAPABILITY-MATRIX"",""tracked_by"":""QL-MEF#25;QL-MEF#30;QL-MEF#32"",""standing_mapping"":{""source"":""not specified by source CSV"",""canonical"":""agent-inference"",""basis"":""Unclassified source relation; no authority promotion.""}}"
S3->S3′,relation,relations,technical:S3,technical:S3′,[],,,,,agent-inference,Epi:S3-SPEC|Epi:R1-S-SPRIME-TECHNICAL-CAPABILITY-MATRIX,,,,conjugation:GatewayControl↔TemporalStateLaw,H,"{""id"":""S3->S3′"",""src_product"":""GatewayControl"",""dst_product"":""TemporalStateLaw"",""ql"":""D1"",""coverage"":""H"",""cf_view"":""CF4"",""seam"":""conjugation:GatewayControl↔TemporalStateLaw"",""defined_in"":""Epi:S3-SPEC|Epi:R1-S-SPRIME-TECHNICAL-CAPABILITY-MATRIX"",""tracked_by"":""QL-MEF#25;QL-MEF#30;QL-MEF#32"",""standing_mapping"":{""source"":""not specified by source CSV"",""canonical"":""agent-inference"",""basis"":""Unclassified source relation; no authority promotion.""}}"
S3->S4′,relation,relations,technical:S3,technical:S4′,[],,,,,agent-inference,Epi:S3-SPEC|Epi:S4-SPEC|Epi:R1-S-SPRIME-TECHNICAL-CAPABILITY-MATRIX,,,,34:temporal-agentic-inhabitation,H,"{""id"":""S3->S4′"",""src_product"":""GatewayControl"",""dst_product"":""TaOntaInhabitation"",""ql"":""D2-transform"",""coverage"":""H"",""cf_view"":""CF5-field"",""seam"":""34:temporal-agentic-inhabitation"",""defined_in"":""Epi:S3-SPEC|Epi:S4-SPEC|Epi:R1-S-SPRIME-TECHNICAL-CAPABILITY-MATRIX"",""tracked_by"":""QL-MEF#25;QL-MEF#30;QL-MEF#32"",""standing_mapping"":{""source"":""not specified by source CSV"",""canonical"":""agent-inference"",""basis"":""Unclassified source relation; no authority promotion.""}}"
S3->S5′,relation,relations,technical:S3,technical:S5′,[],,,,,agent-inference,Epi:S3-SPEC|Epi:S5-SPEC|Epi:R1-S-SPRIME-TECHNICAL-CAPABILITY-MATRIX,,,,35:temporal-world-return,S,"{""id"":""S3->S5′"",""src_product"":""GatewayControl"",""dst_product"":""EpiiReturnLaw"",""ql"":"""",""coverage"":""S"",""cf_view"":"""",""seam"":""35:temporal-world-return"",""defined_in"":""Epi:S3-SPEC|Epi:S5-SPEC|Epi:R1-S-SPRIME-TECHNICAL-CAPABILITY-MATRIX"",""tracked_by"":""QL-MEF#25;QL-MEF#30;QL-MEF#32"",""standing_mapping"":{""source"":""not specified by source CSV"",""canonical"":""agent-inference"",""basis"":""Unclassified source relation; no authority promotion.""}}"
S4->S0,relation,relations,technical:S4,technical:S0,[],,,,,agent-inference,Epi:S0-SPEC|Epi:S4-SPEC|Epi:R1-S-SPRIME-TECHNICAL-CAPABILITY-MATRIX,,,,04:command-agent-runtime,S,"{""id"":""S4->S0"",""src_product"":""AgentRuntime"",""dst_product"":""CommandRuntimeGround"",""ql"":"""",""coverage"":""S"",""cf_view"":""CF5/CF6-field"",""seam"":""04:command-agent-runtime"",""defined_in"":""Epi:S0-SPEC|Epi:S4-SPEC|Epi:R1-S-SPRIME-TECHNICAL-CAPABILITY-MATRIX"",""tracked_by"":""QL-MEF#25;QL-MEF#30;QL-MEF#32"",""standing_mapping"":{""source"":""not specified by source CSV"",""canonical"":""agent-inference"",""basis"":""Unclassified source relation; no authority promotion.""}}"
S4->S1,relation,relations,technical:S4,technical:S1,[],,,,,agent-inference,Epi:S1-SPEC|Epi:S4-SPEC|Epi:R1-S-SPRIME-TECHNICAL-CAPABILITY-MATRIX,,,,14:residency-agentic-inhabitation,H,"{""id"":""S4->S1"",""src_product"":""AgentRuntime"",""dst_product"":""VaultResidency"",""ql"":""C2"",""coverage"":""H"",""cf_view"":""CF5-field"",""seam"":""14:residency-agentic-inhabitation"",""defined_in"":""Epi:S1-SPEC|Epi:S4-SPEC|Epi:R1-S-SPRIME-TECHNICAL-CAPABILITY-MATRIX"",""tracked_by"":""QL-MEF#25;QL-MEF#30;QL-MEF#32"",""standing_mapping"":{""source"":""not specified by source CSV"",""canonical"":""agent-inference"",""basis"":""Unclassified source relation; no authority promotion.""}}"
S4->S2,relation,relations,technical:S4,technical:S2,[],,,,,agent-inference,Epi:S2-SPEC|Epi:S4-SPEC|Epi:R1-S-SPRIME-TECHNICAL-CAPABILITY-MATRIX,,,,24:graph-agentic-inhabitation,S,"{""id"":""S4->S2"",""src_product"":""AgentRuntime"",""dst_product"":""GraphBody"",""ql"":"""",""coverage"":""S"",""cf_view"":""CF5-field"",""seam"":""24:graph-agentic-inhabitation"",""defined_in"":""Epi:S2-SPEC|Epi:S4-SPEC|Epi:R1-S-SPRIME-TECHNICAL-CAPABILITY-MATRIX"",""tracked_by"":""QL-MEF#25;QL-MEF#30;QL-MEF#32"",""standing_mapping"":{""source"":""not specified by source CSV"",""canonical"":""agent-inference"",""basis"":""Unclassified source relation; no authority promotion.""}}"
S4->S3,relation,relations,technical:S4,technical:S3,[],,,,,agent-inference,Epi:S3-SPEC|Epi:S4-SPEC|Epi:R1-S-SPRIME-TECHNICAL-CAPABILITY-MATRIX,,,,34:temporal-agentic-inhabitation,H,"{""id"":""S4->S3"",""src_product"":""AgentRuntime"",""dst_product"":""GatewayControl"",""ql"":""B2"",""coverage"":""H"",""cf_view"":""CF5-field"",""seam"":""34:temporal-agentic-inhabitation"",""defined_in"":""Epi:S3-SPEC|Epi:S4-SPEC|Epi:R1-S-SPRIME-TECHNICAL-CAPABILITY-MATRIX"",""tracked_by"":""QL-MEF#25;QL-MEF#30;QL-MEF#32"",""standing_mapping"":{""source"":""not specified by source CSV"",""canonical"":""agent-inference"",""basis"":""Unclassified source relation; no authority promotion.""}}"
S4->S4,relation,relations,technical:S4,technical:S4,[],,,,,agent-inference,Epi:S4-SPEC|Epi:R1-S-SPRIME-TECHNICAL-CAPABILITY-MATRIX,,,,self:AgentRuntime,I,"{""id"":""S4->S4"",""src_product"":""AgentRuntime"",""dst_product"":""AgentRuntime"",""ql"":"""",""coverage"":""I"",""cf_view"":""CF5"",""seam"":""self:AgentRuntime"",""defined_in"":""Epi:S4-SPEC|Epi:R1-S-SPRIME-TECHNICAL-CAPABILITY-MATRIX"",""tracked_by"":""QL-MEF#25;QL-MEF#30;QL-MEF#32"",""standing_mapping"":{""source"":""not specified by source CSV"",""canonical"":""agent-inference"",""basis"":""Unclassified source relation; no authority promotion.""}}"
S4->S5,relation,relations,technical:S4,technical:S5,[],,,,,agent-inference,Epi:S4-SPEC|Epi:S5-SPEC|Epi:R1-S-SPRIME-TECHNICAL-CAPABILITY-MATRIX,,,,45:agentic-world-return,H,"{""id"":""S4->S5"",""src_product"":""AgentRuntime"",""dst_product"":""WorldBoundary"",""ql"":""A3"",""coverage"":""H"",""cf_view"":""CF5/CF6-field"",""seam"":""45:agentic-world-return"",""defined_in"":""Epi:S4-SPEC|Epi:S5-SPEC|Epi:R1-S-SPRIME-TECHNICAL-CAPABILITY-MATRIX"",""tracked_by"":""QL-MEF#25;QL-MEF#30;QL-MEF#32"",""standing_mapping"":{""source"":""not specified by source CSV"",""canonical"":""agent-inference"",""basis"":""Unclassified source relation; no authority promotion.""}}"
S4->S0′,relation,relations,technical:S4,technical:S0′,[],,,,,agent-inference,Epi:S0-SPEC|Epi:S4-SPEC|Epi:R1-S-SPRIME-TECHNICAL-CAPABILITY-MATRIX,,,,04:command-agent-runtime,H,"{""id"":""S4->S0′"",""src_product"":""AgentRuntime"",""dst_product"":""ReflectiveCLILaw"",""ql"":""D2-complete"",""coverage"":""H"",""cf_view"":""CF5/CF6-field"",""seam"":""04:command-agent-runtime"",""defined_in"":""Epi:S0-SPEC|Epi:S4-SPEC|Epi:R1-S-SPRIME-TECHNICAL-CAPABILITY-MATRIX"",""tracked_by"":""QL-MEF#25;QL-MEF#30;QL-MEF#32"",""standing_mapping"":{""source"":""not specified by source CSV"",""canonical"":""agent-inference"",""basis"":""Unclassified source relation; no authority promotion.""}}"
S4->S1′,relation,relations,technical:S4,technical:S1′,[],,,,,agent-inference,Epi:S1-SPEC|Epi:S4-SPEC|Epi:R1-S-SPRIME-TECHNICAL-CAPABILITY-MATRIX,,,,14:residency-agentic-inhabitation,S,"{""id"":""S4->S1′"",""src_product"":""AgentRuntime"",""dst_product"":""HenCompilerLaw"",""ql"":"""",""coverage"":""S"",""cf_view"":""CF5-field"",""seam"":""14:residency-agentic-inhabitation"",""defined_in"":""Epi:S1-SPEC|Epi:S4-SPEC|Epi:R1-S-SPRIME-TECHNICAL-CAPABILITY-MATRIX"",""tracked_by"":""QL-MEF#25;QL-MEF#30;QL-MEF#32"",""standing_mapping"":{""source"":""not specified by source CSV"",""canonical"":""agent-inference"",""basis"":""Unclassified source relation; no authority promotion.""}}"
S4->S2′,relation,relations,technical:S4,technical:S2′,[],,,,,agent-inference,Epi:S2-SPEC|Epi:S4-SPEC|Epi:R1-S-SPRIME-TECHNICAL-CAPABILITY-MATRIX,,,,24:graph-agentic-inhabitation,S,"{""id"":""S4->S2′"",""src_product"":""AgentRuntime"",""dst_product"":""CoordinateGraphLaw"",""ql"":"""",""coverage"":""S"",""cf_view"":""CF5-field"",""seam"":""24:graph-agentic-inhabitation"",""defined_in"":""Epi:S2-SPEC|Epi:S4-SPEC|Epi:R1-S-SPRIME-TECHNICAL-CAPABILITY-MATRIX"",""tracked_by"":""QL-MEF#25;QL-MEF#30;QL-MEF#32"",""standing_mapping"":{""source"":""not specified by source CSV"",""canonical"":""agent-inference"",""basis"":""Unclassified source relation; no authority promotion.""}}"
S4->S3′,relation,relations,technical:S4,technical:S3′,[],,,,,agent-inference,Epi:S3-SPEC|Epi:S4-SPEC|Epi:R1-S-SPRIME-TECHNICAL-CAPABILITY-MATRIX,,,,34:temporal-agentic-inhabitation,H,"{""id"":""S4->S3′"",""src_product"":""AgentRuntime"",""dst_product"":""TemporalStateLaw"",""ql"":""D2-require"",""coverage"":""H"",""cf_view"":""CF5-field"",""seam"":""34:temporal-agentic-inhabitation"",""defined_in"":""Epi:S3-SPEC|Epi:S4-SPEC|Epi:R1-S-SPRIME-TECHNICAL-CAPABILITY-MATRIX"",""tracked_by"":""QL-MEF#25;QL-MEF#30;QL-MEF#32"",""standing_mapping"":{""source"":""not specified by source CSV"",""canonical"":""agent-inference"",""basis"":""Unclassified source relation; no authority promotion.""}}"
S4->S4′,relation,relations,technical:S4,technical:S4′,[],,,,,agent-inference,Epi:S4-SPEC|Epi:R1-S-SPRIME-TECHNICAL-CAPABILITY-MATRIX,,,,conjugation:AgentRuntime↔TaOntaInhabitation,H,"{""id"":""S4->S4′"",""src_product"":""AgentRuntime"",""dst_product"":""TaOntaInhabitation"",""ql"":""D1"",""coverage"":""H"",""cf_view"":""CF5"",""seam"":""conjugation:AgentRuntime↔TaOntaInhabitation"",""defined_in"":""Epi:S4-SPEC|Epi:R1-S-SPRIME-TECHNICAL-CAPABILITY-MATRIX"",""tracked_by"":""QL-MEF#25;QL-MEF#30;QL-MEF#32"",""standing_mapping"":{""source"":""not specified by source CSV"",""canonical"":""agent-inference"",""basis"":""Unclassified source relation; no authority promotion.""}}"
S4->S5′,relation,relations,technical:S4,technical:S5′,[],,,,,agent-inference,Epi:S4-SPEC|Epi:S5-SPEC|Epi:R1-S-SPRIME-TECHNICAL-CAPABILITY-MATRIX,,,,45:agentic-world-return,H,"{""id"":""S4->S5′"",""src_product"":""AgentRuntime"",""dst_product"":""EpiiReturnLaw"",""ql"":""D2-transform"",""coverage"":""H"",""cf_view"":""CF5/CF6-field"",""seam"":""45:agentic-world-return"",""defined_in"":""Epi:S4-SPEC|Epi:S5-SPEC|Epi:R1-S-SPRIME-TECHNICAL-CAPABILITY-MATRIX"",""tracked_by"":""QL-MEF#25;QL-MEF#30;QL-MEF#32"",""standing_mapping"":{""source"":""not specified by source CSV"",""canonical"":""agent-inference"",""basis"":""Unclassified source relation; no authority promotion.""}}"
S5->S0,relation,relations,technical:S5,technical:S0,[],,,,,agent-inference,Epi:S0-SPEC|Epi:S5-SPEC|Epi:R1-S-SPRIME-TECHNICAL-CAPABILITY-MATRIX,,,,05/50:command-world-return,H,"{""id"":""S5->S0"",""src_product"":""WorldBoundary"",""dst_product"":""CommandRuntimeGround"",""ql"":""B3|C1"",""coverage"":""H"",""cf_view"":""CF7"",""seam"":""05/50:command-world-return"",""defined_in"":""Epi:S0-SPEC|Epi:S5-SPEC|Epi:R1-S-SPRIME-TECHNICAL-CAPABILITY-MATRIX"",""tracked_by"":""QL-MEF#25;QL-MEF#30;QL-MEF#32"",""standing_mapping"":{""source"":""not specified by source CSV"",""canonical"":""agent-inference"",""basis"":""Unclassified source relation; no authority promotion.""}}"
S5->S1,relation,relations,technical:S5,technical:S1,[],,,,,agent-inference,Epi:S1-SPEC|Epi:S5-SPEC|Epi:R1-S-SPRIME-TECHNICAL-CAPABILITY-MATRIX,,,,15:residency-world-return,S,"{""id"":""S5->S1"",""src_product"":""WorldBoundary"",""dst_product"":""VaultResidency"",""ql"":"""",""coverage"":""S"",""cf_view"":"""",""seam"":""15:residency-world-return"",""defined_in"":""Epi:S1-SPEC|Epi:S5-SPEC|Epi:R1-S-SPRIME-TECHNICAL-CAPABILITY-MATRIX"",""tracked_by"":""QL-MEF#25;QL-MEF#30;QL-MEF#32"",""standing_mapping"":{""source"":""not specified by source CSV"",""canonical"":""agent-inference"",""basis"":""Unclassified source relation; no authority promotion.""}}"
S5->S2,relation,relations,technical:S5,technical:S2,[],,,,,agent-inference,Epi:S2-SPEC|Epi:S5-SPEC|Epi:R1-S-SPRIME-TECHNICAL-CAPABILITY-MATRIX,,,,25:graph-world-return,S,"{""id"":""S5->S2"",""src_product"":""WorldBoundary"",""dst_product"":""GraphBody"",""ql"":"""",""coverage"":""S"",""cf_view"":"""",""seam"":""25:graph-world-return"",""defined_in"":""Epi:S2-SPEC|Epi:S5-SPEC|Epi:R1-S-SPRIME-TECHNICAL-CAPABILITY-MATRIX"",""tracked_by"":""QL-MEF#25;QL-MEF#30;QL-MEF#32"",""standing_mapping"":{""source"":""not specified by source CSV"",""canonical"":""agent-inference"",""basis"":""Unclassified source relation; no authority promotion.""}}"
S5->S3,relation,relations,technical:S5,technical:S3,[],,,,,agent-inference,Epi:S3-SPEC|Epi:S5-SPEC|Epi:R1-S-SPRIME-TECHNICAL-CAPABILITY-MATRIX,,,,35:temporal-world-return,S,"{""id"":""S5->S3"",""src_product"":""WorldBoundary"",""dst_product"":""GatewayControl"",""ql"":"""",""coverage"":""S"",""cf_view"":"""",""seam"":""35:temporal-world-return"",""defined_in"":""Epi:S3-SPEC|Epi:S5-SPEC|Epi:R1-S-SPRIME-TECHNICAL-CAPABILITY-MATRIX"",""tracked_by"":""QL-MEF#25;QL-MEF#30;QL-MEF#32"",""standing_mapping"":{""source"":""not specified by source CSV"",""canonical"":""agent-inference"",""basis"":""Unclassified source relation; no authority promotion.""}}"
S5->S4,relation,relations,technical:S5,technical:S4,[],,,,,agent-inference,Epi:S4-SPEC|Epi:S5-SPEC|Epi:R1-S-SPRIME-TECHNICAL-CAPABILITY-MATRIX,,,,45:agentic-world-return,H,"{""id"":""S5->S4"",""src_product"":""WorldBoundary"",""dst_product"":""AgentRuntime"",""ql"":""A3"",""coverage"":""H"",""cf_view"":""CF5/CF6-field"",""seam"":""45:agentic-world-return"",""defined_in"":""Epi:S4-SPEC|Epi:S5-SPEC|Epi:R1-S-SPRIME-TECHNICAL-CAPABILITY-MATRIX"",""tracked_by"":""QL-MEF#25;QL-MEF#30;QL-MEF#32"",""standing_mapping"":{""source"":""not specified by source CSV"",""canonical"":""agent-inference"",""basis"":""Unclassified source relation; no authority promotion.""}}"
S5->S5,relation,relations,technical:S5,technical:S5,[],,,,,agent-inference,Epi:S5-SPEC|Epi:R1-S-SPRIME-TECHNICAL-CAPABILITY-MATRIX,,,,self:WorldBoundary,I,"{""id"":""S5->S5"",""src_product"":""WorldBoundary"",""dst_product"":""WorldBoundary"",""ql"":"""",""coverage"":""I"",""cf_view"":""CF7"",""seam"":""self:WorldBoundary"",""defined_in"":""Epi:S5-SPEC|Epi:R1-S-SPRIME-TECHNICAL-CAPABILITY-MATRIX"",""tracked_by"":""QL-MEF#25;QL-MEF#30;QL-MEF#32"",""standing_mapping"":{""source"":""not specified by source CSV"",""canonical"":""agent-inference"",""basis"":""Unclassified source relation; no authority promotion.""}}"
S5->S0′,relation,relations,technical:S5,technical:S0′,[],,,,,agent-inference,Epi:S0-SPEC|Epi:S5-SPEC|Epi:R1-S-SPRIME-TECHNICAL-CAPABILITY-MATRIX,,,,05/50:command-world-return,H,"{""id"":""S5->S0′"",""src_product"":""WorldBoundary"",""dst_product"":""ReflectiveCLILaw"",""ql"":""D2-transform|D2-complete"",""coverage"":""H"",""cf_view"":""CF7"",""seam"":""05/50:command-world-return"",""defined_in"":""Epi:S0-SPEC|Epi:S5-SPEC|Epi:R1-S-SPRIME-TECHNICAL-CAPABILITY-MATRIX"",""tracked_by"":""QL-MEF#25;QL-MEF#30;QL-MEF#32"",""standing_mapping"":{""source"":""not specified by source CSV"",""canonical"":""agent-inference"",""basis"":""Unclassified source relation; no authority promotion.""}}"
S5->S1′,relation,relations,technical:S5,technical:S1′,[],,,,,agent-inference,Epi:S1-SPEC|Epi:S5-SPEC|Epi:R1-S-SPRIME-TECHNICAL-CAPABILITY-MATRIX,,,,15:residency-world-return,S,"{""id"":""S5->S1′"",""src_product"":""WorldBoundary"",""dst_product"":""HenCompilerLaw"",""ql"":"""",""coverage"":""S"",""cf_view"":"""",""seam"":""15:residency-world-return"",""defined_in"":""Epi:S1-SPEC|Epi:S5-SPEC|Epi:R1-S-SPRIME-TECHNICAL-CAPABILITY-MATRIX"",""tracked_by"":""QL-MEF#25;QL-MEF#30;QL-MEF#32"",""standing_mapping"":{""source"":""not specified by source CSV"",""canonical"":""agent-inference"",""basis"":""Unclassified source relation; no authority promotion.""}}"
S5->S2′,relation,relations,technical:S5,technical:S2′,[],,,,,agent-inference,Epi:S2-SPEC|Epi:S5-SPEC|Epi:R1-S-SPRIME-TECHNICAL-CAPABILITY-MATRIX,,,,25:graph-world-return,S,"{""id"":""S5->S2′"",""src_product"":""WorldBoundary"",""dst_product"":""CoordinateGraphLaw"",""ql"":"""",""coverage"":""S"",""cf_view"":"""",""seam"":""25:graph-world-return"",""defined_in"":""Epi:S2-SPEC|Epi:S5-SPEC|Epi:R1-S-SPRIME-TECHNICAL-CAPABILITY-MATRIX"",""tracked_by"":""QL-MEF#25;QL-MEF#30;QL-MEF#32"",""standing_mapping"":{""source"":""not specified by source CSV"",""canonical"":""agent-inference"",""basis"":""Unclassified source relation; no authority promotion.""}}"
S5->S3′,relation,relations,technical:S5,technical:S3′,[],,,,,agent-inference,Epi:S3-SPEC|Epi:S5-SPEC|Epi:R1-S-SPRIME-TECHNICAL-CAPABILITY-MATRIX,,,,35:temporal-world-return,S,"{""id"":""S5->S3′"",""src_product"":""WorldBoundary"",""dst_product"":""TemporalStateLaw"",""ql"":"""",""coverage"":""S"",""cf_view"":"""",""seam"":""35:temporal-world-return"",""defined_in"":""Epi:S3-SPEC|Epi:S5-SPEC|Epi:R1-S-SPRIME-TECHNICAL-CAPABILITY-MATRIX"",""tracked_by"":""QL-MEF#25;QL-MEF#30;QL-MEF#32"",""standing_mapping"":{""source"":""not specified by source CSV"",""canonical"":""agent-inference"",""basis"":""Unclassified source relation; no authority promotion.""}}"
S5->S4′,relation,relations,technical:S5,technical:S4′,[],,,,,agent-inference,Epi:S4-SPEC|Epi:S5-SPEC|Epi:R1-S-SPRIME-TECHNICAL-CAPABILITY-MATRIX,,,,45:agentic-world-return,H,"{""id"":""S5->S4′"",""src_product"":""WorldBoundary"",""dst_product"":""TaOntaInhabitation"",""ql"":""D2-require"",""coverage"":""H"",""cf_view"":""CF5/CF6-field"",""seam"":""45:agentic-world-return"",""defined_in"":""Epi:S4-SPEC|Epi:S5-SPEC|Epi:R1-S-SPRIME-TECHNICAL-CAPABILITY-MATRIX"",""tracked_by"":""QL-MEF#25;QL-MEF#30;QL-MEF#32"",""standing_mapping"":{""source"":""not specified by source CSV"",""canonical"":""agent-inference"",""basis"":""Unclassified source relation; no authority promotion.""}}"
S5->S5′,relation,relations,technical:S5,technical:S5′,[],,,,,agent-inference,Epi:S5-SPEC|Epi:R1-S-SPRIME-TECHNICAL-CAPABILITY-MATRIX,,,,conjugation:WorldBoundary↔EpiiReturnLaw,H,"{""id"":""S5->S5′"",""src_product"":""WorldBoundary"",""dst_product"":""EpiiReturnLaw"",""ql"":""D1"",""coverage"":""H"",""cf_view"":""CF7"",""seam"":""conjugation:WorldBoundary↔EpiiReturnLaw"",""defined_in"":""Epi:S5-SPEC|Epi:R1-S-SPRIME-TECHNICAL-CAPABILITY-MATRIX"",""tracked_by"":""QL-MEF#25;QL-MEF#30;QL-MEF#32"",""standing_mapping"":{""source"":""not specified by source CSV"",""canonical"":""agent-inference"",""basis"":""Unclassified source relation; no authority promotion.""}}"
S0′->S0,relation,relations,technical:S0′,technical:S0,[],,,,,agent-inference,Epi:S0-SPEC|Epi:R1-S-SPRIME-TECHNICAL-CAPABILITY-MATRIX,,,,conjugation:CommandRuntimeGround↔ReflectiveCLILaw,H,"{""id"":""S0′->S0"",""src_product"":""ReflectiveCLILaw"",""dst_product"":""CommandRuntimeGround"",""ql"":""D1.inverse"",""coverage"":""H"",""cf_view"":""CF1"",""seam"":""conjugation:CommandRuntimeGround↔ReflectiveCLILaw"",""defined_in"":""Epi:S0-SPEC|Epi:R1-S-SPRIME-TECHNICAL-CAPABILITY-MATRIX"",""tracked_by"":""QL-MEF#25;QL-MEF#30;QL-MEF#32"",""standing_mapping"":{""source"":""not specified by source CSV"",""canonical"":""agent-inference"",""basis"":""Unclassified source relation; no authority promotion.""}}"
S0′->S1,relation,relations,technical:S0′,technical:S1,[],,,,,agent-inference,Epi:S0-SPEC|Epi:S1-SPEC|Epi:R1-S-SPRIME-TECHNICAL-CAPABILITY-MATRIX,,,,01:command-residency,H,"{""id"":""S0′->S1"",""src_product"":""ReflectiveCLILaw"",""dst_product"":""VaultResidency"",""ql"":""D2-require.inverse"",""coverage"":""H"",""cf_view"":""CF2"",""seam"":""01:command-residency"",""defined_in"":""Epi:S0-SPEC|Epi:S1-SPEC|Epi:R1-S-SPRIME-TECHNICAL-CAPABILITY-MATRIX"",""tracked_by"":""QL-MEF#25;QL-MEF#30;QL-MEF#32"",""standing_mapping"":{""source"":""not specified by source CSV"",""canonical"":""agent-inference"",""basis"":""Unclassified source relation; no authority promotion.""}}"
S0′->S2,relation,relations,technical:S0′,technical:S2,[],,,,,agent-inference,Epi:S0-SPEC|Epi:S2-SPEC|Epi:R1-S-SPRIME-TECHNICAL-CAPABILITY-MATRIX,,,,02:command-graph,S,"{""id"":""S0′->S2"",""src_product"":""ReflectiveCLILaw"",""dst_product"":""GraphBody"",""ql"":"""",""coverage"":""S"",""cf_view"":""CF3"",""seam"":""02:command-graph"",""defined_in"":""Epi:S0-SPEC|Epi:S2-SPEC|Epi:R1-S-SPRIME-TECHNICAL-CAPABILITY-MATRIX"",""tracked_by"":""QL-MEF#25;QL-MEF#30;QL-MEF#32"",""standing_mapping"":{""source"":""not specified by source CSV"",""canonical"":""agent-inference"",""basis"":""Unclassified source relation; no authority promotion.""}}"
S0′->S3,relation,relations,technical:S0′,technical:S3,[],,,,,agent-inference,Epi:S0-SPEC|Epi:S3-SPEC|Epi:R1-S-SPRIME-TECHNICAL-CAPABILITY-MATRIX,,,,03:command-gateway-state,S,"{""id"":""S0′->S3"",""src_product"":""ReflectiveCLILaw"",""dst_product"":""GatewayControl"",""ql"":"""",""coverage"":""S"",""cf_view"":""CF4"",""seam"":""03:command-gateway-state"",""defined_in"":""Epi:S0-SPEC|Epi:S3-SPEC|Epi:R1-S-SPRIME-TECHNICAL-CAPABILITY-MATRIX"",""tracked_by"":""QL-MEF#25;QL-MEF#30;QL-MEF#32"",""standing_mapping"":{""source"":""not specified by source CSV"",""canonical"":""agent-inference"",""basis"":""Unclassified source relation; no authority promotion.""}}"
S0′->S4,relation,relations,technical:S0′,technical:S4,[],,,,,agent-inference,Epi:S0-SPEC|Epi:S4-SPEC|Epi:R1-S-SPRIME-TECHNICAL-CAPABILITY-MATRIX,,,,04:command-agent-runtime,H,"{""id"":""S0′->S4"",""src_product"":""ReflectiveCLILaw"",""dst_product"":""AgentRuntime"",""ql"":""D2-complete.inverse"",""coverage"":""H"",""cf_view"":""CF5/CF6-field"",""seam"":""04:command-agent-runtime"",""defined_in"":""Epi:S0-SPEC|Epi:S4-SPEC|Epi:R1-S-SPRIME-TECHNICAL-CAPABILITY-MATRIX"",""tracked_by"":""QL-MEF#25;QL-MEF#30;QL-MEF#32"",""standing_mapping"":{""source"":""not specified by source CSV"",""canonical"":""agent-inference"",""basis"":""Unclassified source relation; no authority promotion.""}}"
S0′->S5,relation,relations,technical:S0′,technical:S5,[],,,,,agent-inference,Epi:S0-SPEC|Epi:S5-SPEC|Epi:R1-S-SPRIME-TECHNICAL-CAPABILITY-MATRIX,,,,05/50:command-world-return,H,"{""id"":""S0′->S5"",""src_product"":""ReflectiveCLILaw"",""dst_product"":""WorldBoundary"",""ql"":""D2-transform.inverse|D2-complete.inverse"",""coverage"":""H"",""cf_view"":""CF7"",""seam"":""05/50:command-world-return"",""defined_in"":""Epi:S0-SPEC|Epi:S5-SPEC|Epi:R1-S-SPRIME-TECHNICAL-CAPABILITY-MATRIX"",""tracked_by"":""QL-MEF#25;QL-MEF#30;QL-MEF#32"",""standing_mapping"":{""source"":""not specified by source CSV"",""canonical"":""agent-inference"",""basis"":""Unclassified source relation; no authority promotion.""}}"
S0′->S0′,relation,relations,technical:S0′,technical:S0′,[],,,,,agent-inference,Epi:S0-SPEC|Epi:R1-S-SPRIME-TECHNICAL-CAPABILITY-MATRIX,,,,self:ReflectiveCLILaw,I,"{""id"":""S0′->S0′"",""src_product"":""ReflectiveCLILaw"",""dst_product"":""ReflectiveCLILaw"",""ql"":"""",""coverage"":""I"",""cf_view"":""CF1"",""seam"":""self:ReflectiveCLILaw"",""defined_in"":""Epi:S0-SPEC|Epi:R1-S-SPRIME-TECHNICAL-CAPABILITY-MATRIX"",""tracked_by"":""QL-MEF#25;QL-MEF#30;QL-MEF#32"",""standing_mapping"":{""source"":""not specified by source CSV"",""canonical"":""agent-inference"",""basis"":""Unclassified source relation; no authority promotion.""}}"
S0′->S1′,relation,relations,technical:S0′,technical:S1′,[],,,,,agent-inference,Epi:S0-SPEC|Epi:S1-SPEC|Epi:R1-S-SPRIME-TECHNICAL-CAPABILITY-MATRIX,,,,01:command-residency,H,"{""id"":""S0′->S1′"",""src_product"":""ReflectiveCLILaw"",""dst_product"":""HenCompilerLaw"",""ql"":""D3:A1"",""coverage"":""H"",""cf_view"":""CF2"",""seam"":""01:command-residency"",""defined_in"":""Epi:S0-SPEC|Epi:S1-SPEC|Epi:R1-S-SPRIME-TECHNICAL-CAPABILITY-MATRIX"",""tracked_by"":""QL-MEF#25;QL-MEF#30;QL-MEF#32"",""standing_mapping"":{""source"":""not specified by source CSV"",""canonical"":""agent-inference"",""basis"":""Unclassified source relation; no authority promotion.""}}"
S0′->S2′,relation,relations,technical:S0′,technical:S2′,[],,,,,agent-inference,Epi:S0-SPEC|Epi:S2-SPEC|Epi:R1-S-SPRIME-TECHNICAL-CAPABILITY-MATRIX,,,,02:command-graph,S,"{""id"":""S0′->S2′"",""src_product"":""ReflectiveCLILaw"",""dst_product"":""CoordinateGraphLaw"",""ql"":"""",""coverage"":""S"",""cf_view"":""CF3"",""seam"":""02:command-graph"",""defined_in"":""Epi:S0-SPEC|Epi:S2-SPEC|Epi:R1-S-SPRIME-TECHNICAL-CAPABILITY-MATRIX"",""tracked_by"":""QL-MEF#25;QL-MEF#30;QL-MEF#32"",""standing_mapping"":{""source"":""not specified by source CSV"",""canonical"":""agent-inference"",""basis"":""Unclassified source relation; no authority promotion.""}}"
S0′->S3′,relation,relations,technical:S0′,technical:S3′,[],,,,,agent-inference,Epi:S0-SPEC|Epi:S3-SPEC|Epi:R1-S-SPRIME-TECHNICAL-CAPABILITY-MATRIX,,,,03:command-gateway-state,S,"{""id"":""S0′->S3′"",""src_product"":""ReflectiveCLILaw"",""dst_product"":""TemporalStateLaw"",""ql"":"""",""coverage"":""S"",""cf_view"":""CF4"",""seam"":""03:command-gateway-state"",""defined_in"":""Epi:S0-SPEC|Epi:S3-SPEC|Epi:R1-S-SPRIME-TECHNICAL-CAPABILITY-MATRIX"",""tracked_by"":""QL-MEF#25;QL-MEF#30;QL-MEF#32"",""standing_mapping"":{""source"":""not specified by source CSV"",""canonical"":""agent-inference"",""basis"":""Unclassified source relation; no authority promotion.""}}"
S0′->S4′,relation,relations,technical:S0′,technical:S4′,[],,,,,agent-inference,Epi:S0-SPEC|Epi:S4-SPEC|Epi:R1-S-SPRIME-TECHNICAL-CAPABILITY-MATRIX,,,,04:command-agent-runtime,S,"{""id"":""S0′->S4′"",""src_product"":""ReflectiveCLILaw"",""dst_product"":""TaOntaInhabitation"",""ql"":"""",""coverage"":""S"",""cf_view"":""CF5/CF6-field"",""seam"":""04:command-agent-runtime"",""defined_in"":""Epi:S0-SPEC|Epi:S4-SPEC|Epi:R1-S-SPRIME-TECHNICAL-CAPABILITY-MATRIX"",""tracked_by"":""QL-MEF#25;QL-MEF#30;QL-MEF#32"",""standing_mapping"":{""source"":""not specified by source CSV"",""canonical"":""agent-inference"",""basis"":""Unclassified source relation; no authority promotion.""}}"
S0′->S5′,relation,relations,technical:S0′,technical:S5′,[],,,,,agent-inference,Epi:S0-SPEC|Epi:S5-SPEC|Epi:R1-S-SPRIME-TECHNICAL-CAPABILITY-MATRIX,,,,05/50:command-world-return,H,"{""id"":""S0′->S5′"",""src_product"":""ReflectiveCLILaw"",""dst_product"":""EpiiReturnLaw"",""ql"":""D3:B3|D3:C1"",""coverage"":""H"",""cf_view"":""CF7"",""seam"":""05/50:command-world-return"",""defined_in"":""Epi:S0-SPEC|Epi:S5-SPEC|Epi:R1-S-SPRIME-TECHNICAL-CAPABILITY-MATRIX"",""tracked_by"":""QL-MEF#25;QL-MEF#30;QL-MEF#32"",""standing_mapping"":{""source"":""not specified by source CSV"",""canonical"":""agent-inference"",""basis"":""Unclassified source relation; no authority promotion.""}}"
S1′->S0,relation,relations,technical:S1′,technical:S0,[],,,,,agent-inference,Epi:S0-SPEC|Epi:S1-SPEC|Epi:R1-S-SPRIME-TECHNICAL-CAPABILITY-MATRIX,,,,01:command-residency,H,"{""id"":""S1′->S0"",""src_product"":""HenCompilerLaw"",""dst_product"":""CommandRuntimeGround"",""ql"":""D2-transform.inverse"",""coverage"":""H"",""cf_view"":""CF2"",""seam"":""01:command-residency"",""defined_in"":""Epi:S0-SPEC|Epi:S1-SPEC|Epi:R1-S-SPRIME-TECHNICAL-CAPABILITY-MATRIX"",""tracked_by"":""QL-MEF#25;QL-MEF#30;QL-MEF#32"",""standing_mapping"":{""source"":""not specified by source CSV"",""canonical"":""agent-inference"",""basis"":""Unclassified source relation; no authority promotion.""}}"
S1′->S1,relation,relations,technical:S1′,technical:S1,[],,,,,agent-inference,Epi:S1-SPEC|Epi:R1-S-SPRIME-TECHNICAL-CAPABILITY-MATRIX,,,,conjugation:VaultResidency↔HenCompilerLaw,H,"{""id"":""S1′->S1"",""src_product"":""HenCompilerLaw"",""dst_product"":""VaultResidency"",""ql"":""D1.inverse"",""coverage"":""H"",""cf_view"":""CF2"",""seam"":""conjugation:VaultResidency↔HenCompilerLaw"",""defined_in"":""Epi:S1-SPEC|Epi:R1-S-SPRIME-TECHNICAL-CAPABILITY-MATRIX"",""tracked_by"":""QL-MEF#25;QL-MEF#30;QL-MEF#32"",""standing_mapping"":{""source"":""not specified by source CSV"",""canonical"":""agent-inference"",""basis"":""Unclassified source relation; no authority promotion.""}}"
S1′->S2,relation,relations,technical:S1′,technical:S2,[],,,,,agent-inference,Epi:S1-SPEC|Epi:S2-SPEC|Epi:R1-S-SPRIME-TECHNICAL-CAPABILITY-MATRIX,,,,12:residency-graph,H,"{""id"":""S1′->S2"",""src_product"":""HenCompilerLaw"",""dst_product"":""GraphBody"",""ql"":""D2-require.inverse"",""coverage"":""H"",""cf_view"":""CF3"",""seam"":""12:residency-graph"",""defined_in"":""Epi:S1-SPEC|Epi:S2-SPEC|Epi:R1-S-SPRIME-TECHNICAL-CAPABILITY-MATRIX"",""tracked_by"":""QL-MEF#25;QL-MEF#30;QL-MEF#32"",""standing_mapping"":{""source"":""not specified by source CSV"",""canonical"":""agent-inference"",""basis"":""Unclassified source relation; no authority promotion.""}}"
S1′->S3,relation,relations,technical:S1′,technical:S3,[],,,,,agent-inference,Epi:S1-SPEC|Epi:S3-SPEC|Epi:R1-S-SPRIME-TECHNICAL-CAPABILITY-MATRIX,,,,13:residency-temporal-state,S,"{""id"":""S1′->S3"",""src_product"":""HenCompilerLaw"",""dst_product"":""GatewayControl"",""ql"":"""",""coverage"":""S"",""cf_view"":""CF4"",""seam"":""13:residency-temporal-state"",""defined_in"":""Epi:S1-SPEC|Epi:S3-SPEC|Epi:R1-S-SPRIME-TECHNICAL-CAPABILITY-MATRIX"",""tracked_by"":""QL-MEF#25;QL-MEF#30;QL-MEF#32"",""standing_mapping"":{""source"":""not specified by source CSV"",""canonical"":""agent-inference"",""basis"":""Unclassified source relation; no authority promotion.""}}"
S1′->S4,relation,relations,technical:S1′,technical:S4,[],,,,,agent-inference,Epi:S1-SPEC|Epi:S4-SPEC|Epi:R1-S-SPRIME-TECHNICAL-CAPABILITY-MATRIX,,,,14:residency-agentic-inhabitation,S,"{""id"":""S1′->S4"",""src_product"":""HenCompilerLaw"",""dst_product"":""AgentRuntime"",""ql"":"""",""coverage"":""S"",""cf_view"":""CF5-field"",""seam"":""14:residency-agentic-inhabitation"",""defined_in"":""Epi:S1-SPEC|Epi:S4-SPEC|Epi:R1-S-SPRIME-TECHNICAL-CAPABILITY-MATRIX"",""tracked_by"":""QL-MEF#25;QL-MEF#30;QL-MEF#32"",""standing_mapping"":{""source"":""not specified by source CSV"",""canonical"":""agent-inference"",""basis"":""Unclassified source relation; no authority promotion.""}}"
S1′->S5,relation,relations,technical:S1′,technical:S5,[],,,,,agent-inference,Epi:S1-SPEC|Epi:S5-SPEC|Epi:R1-S-SPRIME-TECHNICAL-CAPABILITY-MATRIX,,,,15:residency-world-return,S,"{""id"":""S1′->S5"",""src_product"":""HenCompilerLaw"",""dst_product"":""WorldBoundary"",""ql"":"""",""coverage"":""S"",""cf_view"":"""",""seam"":""15:residency-world-return"",""defined_in"":""Epi:S1-SPEC|Epi:S5-SPEC|Epi:R1-S-SPRIME-TECHNICAL-CAPABILITY-MATRIX"",""tracked_by"":""QL-MEF#25;QL-MEF#30;QL-MEF#32"",""standing_mapping"":{""source"":""not specified by source CSV"",""canonical"":""agent-inference"",""basis"":""Unclassified source relation; no authority promotion.""}}"
S1′->S0′,relation,relations,technical:S1′,technical:S0′,[],,,,,agent-inference,Epi:S0-SPEC|Epi:S1-SPEC|Epi:R1-S-SPRIME-TECHNICAL-CAPABILITY-MATRIX,,,,01:command-residency,H,"{""id"":""S1′->S0′"",""src_product"":""HenCompilerLaw"",""dst_product"":""ReflectiveCLILaw"",""ql"":""D3:A1"",""coverage"":""H"",""cf_view"":""CF2"",""seam"":""01:command-residency"",""defined_in"":""Epi:S0-SPEC|Epi:S1-SPEC|Epi:R1-S-SPRIME-TECHNICAL-CAPABILITY-MATRIX"",""tracked_by"":""QL-MEF#25;QL-MEF#30;QL-MEF#32"",""standing_mapping"":{""source"":""not specified by source CSV"",""canonical"":""agent-inference"",""basis"":""Unclassified source relation; no authority promotion.""}}"
S1′->S1′,relation,relations,technical:S1′,technical:S1′,[],,,,,agent-inference,Epi:S1-SPEC|Epi:R1-S-SPRIME-TECHNICAL-CAPABILITY-MATRIX,,,,self:HenCompilerLaw,I,"{""id"":""S1′->S1′"",""src_product"":""HenCompilerLaw"",""dst_product"":""HenCompilerLaw"",""ql"":"""",""coverage"":""I"",""cf_view"":""CF2"",""seam"":""self:HenCompilerLaw"",""defined_in"":""Epi:S1-SPEC|Epi:R1-S-SPRIME-TECHNICAL-CAPABILITY-MATRIX"",""tracked_by"":""QL-MEF#25;QL-MEF#30;QL-MEF#32"",""standing_mapping"":{""source"":""not specified by source CSV"",""canonical"":""agent-inference"",""basis"":""Unclassified source relation; no authority promotion.""}}"
S1′->S2′,relation,relations,technical:S1′,technical:S2′,[],,,,,agent-inference,Epi:S1-SPEC|Epi:S2-SPEC|Epi:R1-S-SPRIME-TECHNICAL-CAPABILITY-MATRIX,,,,12:residency-graph,H,"{""id"":""S1′->S2′"",""src_product"":""HenCompilerLaw"",""dst_product"":""CoordinateGraphLaw"",""ql"":""D3:B1"",""coverage"":""H"",""cf_view"":""CF3"",""seam"":""12:residency-graph"",""defined_in"":""Epi:S1-SPEC|Epi:S2-SPEC|Epi:R1-S-SPRIME-TECHNICAL-CAPABILITY-MATRIX"",""tracked_by"":""QL-MEF#25;QL-MEF#30;QL-MEF#32"",""standing_mapping"":{""source"":""not specified by source CSV"",""canonical"":""agent-inference"",""basis"":""Unclassified source relation; no authority promotion.""}}"
S1′->S3′,relation,relations,technical:S1′,technical:S3′,[],,,,,agent-inference,Epi:S1-SPEC|Epi:S3-SPEC|Epi:R1-S-SPRIME-TECHNICAL-CAPABILITY-MATRIX,,,,13:residency-temporal-state,S,"{""id"":""S1′->S3′"",""src_product"":""HenCompilerLaw"",""dst_product"":""TemporalStateLaw"",""ql"":"""",""coverage"":""S"",""cf_view"":""CF4"",""seam"":""13:residency-temporal-state"",""defined_in"":""Epi:S1-SPEC|Epi:S3-SPEC|Epi:R1-S-SPRIME-TECHNICAL-CAPABILITY-MATRIX"",""tracked_by"":""QL-MEF#25;QL-MEF#30;QL-MEF#32"",""standing_mapping"":{""source"":""not specified by source CSV"",""canonical"":""agent-inference"",""basis"":""Unclassified source relation; no authority promotion.""}}"
S1′->S4′,relation,relations,technical:S1′,technical:S4′,[],,,,,agent-inference,Epi:S1-SPEC|Epi:S4-SPEC|Epi:R1-S-SPRIME-TECHNICAL-CAPABILITY-MATRIX,,,,14:residency-agentic-inhabitation,H,"{""id"":""S1′->S4′"",""src_product"":""HenCompilerLaw"",""dst_product"":""TaOntaInhabitation"",""ql"":""D3:C2"",""coverage"":""H"",""cf_view"":""CF5-field"",""seam"":""14:residency-agentic-inhabitation"",""defined_in"":""Epi:S1-SPEC|Epi:S4-SPEC|Epi:R1-S-SPRIME-TECHNICAL-CAPABILITY-MATRIX"",""tracked_by"":""QL-MEF#25;QL-MEF#30;QL-MEF#32"",""standing_mapping"":{""source"":""not specified by source CSV"",""canonical"":""agent-inference"",""basis"":""Unclassified source relation; no authority promotion.""}}"
S1′->S5′,relation,relations,technical:S1′,technical:S5′,[],,,,,agent-inference,Epi:S1-SPEC|Epi:S5-SPEC|Epi:R1-S-SPRIME-TECHNICAL-CAPABILITY-MATRIX,,,,15:residency-world-return,S,"{""id"":""S1′->S5′"",""src_product"":""HenCompilerLaw"",""dst_product"":""EpiiReturnLaw"",""ql"":"""",""coverage"":""S"",""cf_view"":"""",""seam"":""15:residency-world-return"",""defined_in"":""Epi:S1-SPEC|Epi:S5-SPEC|Epi:R1-S-SPRIME-TECHNICAL-CAPABILITY-MATRIX"",""tracked_by"":""QL-MEF#25;QL-MEF#30;QL-MEF#32"",""standing_mapping"":{""source"":""not specified by source CSV"",""canonical"":""agent-inference"",""basis"":""Unclassified source relation; no authority promotion.""}}"
S2′->S0,relation,relations,technical:S2′,technical:S0,[],,,,,agent-inference,Epi:S0-SPEC|Epi:S2-SPEC|Epi:R1-S-SPRIME-TECHNICAL-CAPABILITY-MATRIX,,,,02:command-graph,S,"{""id"":""S2′->S0"",""src_product"":""CoordinateGraphLaw"",""dst_product"":""CommandRuntimeGround"",""ql"":"""",""coverage"":""S"",""cf_view"":""CF3"",""seam"":""02:command-graph"",""defined_in"":""Epi:S0-SPEC|Epi:S2-SPEC|Epi:R1-S-SPRIME-TECHNICAL-CAPABILITY-MATRIX"",""tracked_by"":""QL-MEF#25;QL-MEF#30;QL-MEF#32"",""standing_mapping"":{""source"":""not specified by source CSV"",""canonical"":""agent-inference"",""basis"":""Unclassified source relation; no authority promotion.""}}"
S2′->S1,relation,relations,technical:S2′,technical:S1,[],,,,,agent-inference,Epi:S1-SPEC|Epi:S2-SPEC|Epi:R1-S-SPRIME-TECHNICAL-CAPABILITY-MATRIX,,,,12:residency-graph,H,"{""id"":""S2′->S1"",""src_product"":""CoordinateGraphLaw"",""dst_product"":""VaultResidency"",""ql"":""D2-transform.inverse"",""coverage"":""H"",""cf_view"":""CF3"",""seam"":""12:residency-graph"",""defined_in"":""Epi:S1-SPEC|Epi:S2-SPEC|Epi:R1-S-SPRIME-TECHNICAL-CAPABILITY-MATRIX"",""tracked_by"":""QL-MEF#25;QL-MEF#30;QL-MEF#32"",""standing_mapping"":{""source"":""not specified by source CSV"",""canonical"":""agent-inference"",""basis"":""Unclassified source relation; no authority promotion.""}}"
S2′->S2,relation,relations,technical:S2′,technical:S2,[],,,,,agent-inference,Epi:S2-SPEC|Epi:R1-S-SPRIME-TECHNICAL-CAPABILITY-MATRIX,,,,conjugation:GraphBody↔CoordinateGraphLaw,H,"{""id"":""S2′->S2"",""src_product"":""CoordinateGraphLaw"",""dst_product"":""GraphBody"",""ql"":""D1.inverse"",""coverage"":""H"",""cf_view"":""CF3"",""seam"":""conjugation:GraphBody↔CoordinateGraphLaw"",""defined_in"":""Epi:S2-SPEC|Epi:R1-S-SPRIME-TECHNICAL-CAPABILITY-MATRIX"",""tracked_by"":""QL-MEF#25;QL-MEF#30;QL-MEF#32"",""standing_mapping"":{""source"":""not specified by source CSV"",""canonical"":""agent-inference"",""basis"":""Unclassified source relation; no authority promotion.""}}"
S2′->S3,relation,relations,technical:S2′,technical:S3,[],,,,,agent-inference,Epi:S2-SPEC|Epi:S3-SPEC|Epi:R1-S-SPRIME-TECHNICAL-CAPABILITY-MATRIX,,,,23:graph-temporal-state,H,"{""id"":""S2′->S3"",""src_product"":""CoordinateGraphLaw"",""dst_product"":""GatewayControl"",""ql"":""D2-require.inverse|D2-complete.inverse"",""coverage"":""H"",""cf_view"":""CF4"",""seam"":""23:graph-temporal-state"",""defined_in"":""Epi:S2-SPEC|Epi:S3-SPEC|Epi:R1-S-SPRIME-TECHNICAL-CAPABILITY-MATRIX"",""tracked_by"":""QL-MEF#25;QL-MEF#30;QL-MEF#32"",""standing_mapping"":{""source"":""not specified by source CSV"",""canonical"":""agent-inference"",""basis"":""Unclassified source relation; no authority promotion.""}}"
S2′->S4,relation,relations,technical:S2′,technical:S4,[],,,,,agent-inference,Epi:S2-SPEC|Epi:S4-SPEC|Epi:R1-S-SPRIME-TECHNICAL-CAPABILITY-MATRIX,,,,24:graph-agentic-inhabitation,S,"{""id"":""S2′->S4"",""src_product"":""CoordinateGraphLaw"",""dst_product"":""AgentRuntime"",""ql"":"""",""coverage"":""S"",""cf_view"":""CF5-field"",""seam"":""24:graph-agentic-inhabitation"",""defined_in"":""Epi:S2-SPEC|Epi:S4-SPEC|Epi:R1-S-SPRIME-TECHNICAL-CAPABILITY-MATRIX"",""tracked_by"":""QL-MEF#25;QL-MEF#30;QL-MEF#32"",""standing_mapping"":{""source"":""not specified by source CSV"",""canonical"":""agent-inference"",""basis"":""Unclassified source relation; no authority promotion.""}}"
S2′->S5,relation,relations,technical:S2′,technical:S5,[],,,,,agent-inference,Epi:S2-SPEC|Epi:S5-SPEC|Epi:R1-S-SPRIME-TECHNICAL-CAPABILITY-MATRIX,,,,25:graph-world-return,S,"{""id"":""S2′->S5"",""src_product"":""CoordinateGraphLaw"",""dst_product"":""WorldBoundary"",""ql"":"""",""coverage"":""S"",""cf_view"":"""",""seam"":""25:graph-world-return"",""defined_in"":""Epi:S2-SPEC|Epi:S5-SPEC|Epi:R1-S-SPRIME-TECHNICAL-CAPABILITY-MATRIX"",""tracked_by"":""QL-MEF#25;QL-MEF#30;QL-MEF#32"",""standing_mapping"":{""source"":""not specified by source CSV"",""canonical"":""agent-inference"",""basis"":""Unclassified source relation; no authority promotion.""}}"
S2′->S0′,relation,relations,technical:S2′,technical:S0′,[],,,,,agent-inference,Epi:S0-SPEC|Epi:S2-SPEC|Epi:R1-S-SPRIME-TECHNICAL-CAPABILITY-MATRIX,,,,02:command-graph,S,"{""id"":""S2′->S0′"",""src_product"":""CoordinateGraphLaw"",""dst_product"":""ReflectiveCLILaw"",""ql"":"""",""coverage"":""S"",""cf_view"":""CF3"",""seam"":""02:command-graph"",""defined_in"":""Epi:S0-SPEC|Epi:S2-SPEC|Epi:R1-S-SPRIME-TECHNICAL-CAPABILITY-MATRIX"",""tracked_by"":""QL-MEF#25;QL-MEF#30;QL-MEF#32"",""standing_mapping"":{""source"":""not specified by source CSV"",""canonical"":""agent-inference"",""basis"":""Unclassified source relation; no authority promotion.""}}"
S2′->S1′,relation,relations,technical:S2′,technical:S1′,[],,,,,agent-inference,Epi:S1-SPEC|Epi:S2-SPEC|Epi:R1-S-SPRIME-TECHNICAL-CAPABILITY-MATRIX,,,,12:residency-graph,H,"{""id"":""S2′->S1′"",""src_product"":""CoordinateGraphLaw"",""dst_product"":""HenCompilerLaw"",""ql"":""D3:B1"",""coverage"":""H"",""cf_view"":""CF3"",""seam"":""12:residency-graph"",""defined_in"":""Epi:S1-SPEC|Epi:S2-SPEC|Epi:R1-S-SPRIME-TECHNICAL-CAPABILITY-MATRIX"",""tracked_by"":""QL-MEF#25;QL-MEF#30;QL-MEF#32"",""standing_mapping"":{""source"":""not specified by source CSV"",""canonical"":""agent-inference"",""basis"":""Unclassified source relation; no authority promotion.""}}"
S2′->S2′,relation,relations,technical:S2′,technical:S2′,[],,,,,agent-inference,Epi:S2-SPEC|Epi:R1-S-SPRIME-TECHNICAL-CAPABILITY-MATRIX,,,,self:CoordinateGraphLaw,I,"{""id"":""S2′->S2′"",""src_product"":""CoordinateGraphLaw"",""dst_product"":""CoordinateGraphLaw"",""ql"":"""",""coverage"":""I"",""cf_view"":""CF3"",""seam"":""self:CoordinateGraphLaw"",""defined_in"":""Epi:S2-SPEC|Epi:R1-S-SPRIME-TECHNICAL-CAPABILITY-MATRIX"",""tracked_by"":""QL-MEF#25;QL-MEF#30;QL-MEF#32"",""standing_mapping"":{""source"":""not specified by source CSV"",""canonical"":""agent-inference"",""basis"":""Unclassified source relation; no authority promotion.""}}"
S2′->S3′,relation,relations,technical:S2′,technical:S3′,[],,,,,agent-inference,Epi:S2-SPEC|Epi:S3-SPEC|Epi:R1-S-SPRIME-TECHNICAL-CAPABILITY-MATRIX,,,,23:graph-temporal-state,H,"{""id"":""S2′->S3′"",""src_product"":""CoordinateGraphLaw"",""dst_product"":""TemporalStateLaw"",""ql"":""D3:A2|D3:C3"",""coverage"":""H"",""cf_view"":""CF4"",""seam"":""23:graph-temporal-state"",""defined_in"":""Epi:S2-SPEC|Epi:S3-SPEC|Epi:R1-S-SPRIME-TECHNICAL-CAPABILITY-MATRIX"",""tracked_by"":""QL-MEF#25;QL-MEF#30;QL-MEF#32"",""standing_mapping"":{""source"":""not specified by source CSV"",""canonical"":""agent-inference"",""basis"":""Unclassified source relation; no authority promotion.""}}"
S2′->S4′,relation,relations,technical:S2′,technical:S4′,[],,,,,agent-inference,Epi:S2-SPEC|Epi:S4-SPEC|Epi:R1-S-SPRIME-TECHNICAL-CAPABILITY-MATRIX,,,,24:graph-agentic-inhabitation,S,"{""id"":""S2′->S4′"",""src_product"":""CoordinateGraphLaw"",""dst_product"":""TaOntaInhabitation"",""ql"":"""",""coverage"":""S"",""cf_view"":""CF5-field"",""seam"":""24:graph-agentic-inhabitation"",""defined_in"":""Epi:S2-SPEC|Epi:S4-SPEC|Epi:R1-S-SPRIME-TECHNICAL-CAPABILITY-MATRIX"",""tracked_by"":""QL-MEF#25;QL-MEF#30;QL-MEF#32"",""standing_mapping"":{""source"":""not specified by source CSV"",""canonical"":""agent-inference"",""basis"":""Unclassified source relation; no authority promotion.""}}"
S2′->S5′,relation,relations,technical:S2′,technical:S5′,[],,,,,agent-inference,Epi:S2-SPEC|Epi:S5-SPEC|Epi:R1-S-SPRIME-TECHNICAL-CAPABILITY-MATRIX,,,,25:graph-world-return,S,"{""id"":""S2′->S5′"",""src_product"":""CoordinateGraphLaw"",""dst_product"":""EpiiReturnLaw"",""ql"":"""",""coverage"":""S"",""cf_view"":"""",""seam"":""25:graph-world-return"",""defined_in"":""Epi:S2-SPEC|Epi:S5-SPEC|Epi:R1-S-SPRIME-TECHNICAL-CAPABILITY-MATRIX"",""tracked_by"":""QL-MEF#25;QL-MEF#30;QL-MEF#32"",""standing_mapping"":{""source"":""not specified by source CSV"",""canonical"":""agent-inference"",""basis"":""Unclassified source relation; no authority promotion.""}}"
S3′->S0,relation,relations,technical:S3′,technical:S0,[],,,,,agent-inference,Epi:S0-SPEC|Epi:S3-SPEC|Epi:R1-S-SPRIME-TECHNICAL-CAPABILITY-MATRIX,,,,03:command-gateway-state,S,"{""id"":""S3′->S0"",""src_product"":""TemporalStateLaw"",""dst_product"":""CommandRuntimeGround"",""ql"":"""",""coverage"":""S"",""cf_view"":""CF4"",""seam"":""03:command-gateway-state"",""defined_in"":""Epi:S0-SPEC|Epi:S3-SPEC|Epi:R1-S-SPRIME-TECHNICAL-CAPABILITY-MATRIX"",""tracked_by"":""QL-MEF#25;QL-MEF#30;QL-MEF#32"",""standing_mapping"":{""source"":""not specified by source CSV"",""canonical"":""agent-inference"",""basis"":""Unclassified source relation; no authority promotion.""}}"
S3′->S1,relation,relations,technical:S3′,technical:S1,[],,,,,agent-inference,Epi:S1-SPEC|Epi:S3-SPEC|Epi:R1-S-SPRIME-TECHNICAL-CAPABILITY-MATRIX,,,,13:residency-temporal-state,S,"{""id"":""S3′->S1"",""src_product"":""TemporalStateLaw"",""dst_product"":""VaultResidency"",""ql"":"""",""coverage"":""S"",""cf_view"":""CF4"",""seam"":""13:residency-temporal-state"",""defined_in"":""Epi:S1-SPEC|Epi:S3-SPEC|Epi:R1-S-SPRIME-TECHNICAL-CAPABILITY-MATRIX"",""tracked_by"":""QL-MEF#25;QL-MEF#30;QL-MEF#32"",""standing_mapping"":{""source"":""not specified by source CSV"",""canonical"":""agent-inference"",""basis"":""Unclassified source relation; no authority promotion.""}}"
S3′->S2,relation,relations,technical:S3′,technical:S2,[],,,,,agent-inference,Epi:S2-SPEC|Epi:S3-SPEC|Epi:R1-S-SPRIME-TECHNICAL-CAPABILITY-MATRIX,,,,23:graph-temporal-state,H,"{""id"":""S3′->S2"",""src_product"":""TemporalStateLaw"",""dst_product"":""GraphBody"",""ql"":""D2-transform.inverse|D2-complete.inverse"",""coverage"":""H"",""cf_view"":""CF4"",""seam"":""23:graph-temporal-state"",""defined_in"":""Epi:S2-SPEC|Epi:S3-SPEC|Epi:R1-S-SPRIME-TECHNICAL-CAPABILITY-MATRIX"",""tracked_by"":""QL-MEF#25;QL-MEF#30;QL-MEF#32"",""standing_mapping"":{""source"":""not specified by source CSV"",""canonical"":""agent-inference"",""basis"":""Unclassified source relation; no authority promotion.""}}"
S3′->S3,relation,relations,technical:S3′,technical:S3,[],,,,,agent-inference,Epi:S3-SPEC|Epi:R1-S-SPRIME-TECHNICAL-CAPABILITY-MATRIX,,,,conjugation:GatewayControl↔TemporalStateLaw,H,"{""id"":""S3′->S3"",""src_product"":""TemporalStateLaw"",""dst_product"":""GatewayControl"",""ql"":""D1.inverse"",""coverage"":""H"",""cf_view"":""CF4"",""seam"":""conjugation:GatewayControl↔TemporalStateLaw"",""defined_in"":""Epi:S3-SPEC|Epi:R1-S-SPRIME-TECHNICAL-CAPABILITY-MATRIX"",""tracked_by"":""QL-MEF#25;QL-MEF#30;QL-MEF#32"",""standing_mapping"":{""source"":""not specified by source CSV"",""canonical"":""agent-inference"",""basis"":""Unclassified source relation; no authority promotion.""}}"
S3′->S4,relation,relations,technical:S3′,technical:S4,[],,,,,agent-inference,Epi:S3-SPEC|Epi:S4-SPEC|Epi:R1-S-SPRIME-TECHNICAL-CAPABILITY-MATRIX,,,,34:temporal-agentic-inhabitation,H,"{""id"":""S3′->S4"",""src_product"":""TemporalStateLaw"",""dst_product"":""AgentRuntime"",""ql"":""D2-require.inverse"",""coverage"":""H"",""cf_view"":""CF5-field"",""seam"":""34:temporal-agentic-inhabitation"",""defined_in"":""Epi:S3-SPEC|Epi:S4-SPEC|Epi:R1-S-SPRIME-TECHNICAL-CAPABILITY-MATRIX"",""tracked_by"":""QL-MEF#25;QL-MEF#30;QL-MEF#32"",""standing_mapping"":{""source"":""not specified by source CSV"",""canonical"":""agent-inference"",""basis"":""Unclassified source relation; no authority promotion.""}}"
S3′->S5,relation,relations,technical:S3′,technical:S5,[],,,,,agent-inference,Epi:S3-SPEC|Epi:S5-SPEC|Epi:R1-S-SPRIME-TECHNICAL-CAPABILITY-MATRIX,,,,35:temporal-world-return,S,"{""id"":""S3′->S5"",""src_product"":""TemporalStateLaw"",""dst_product"":""WorldBoundary"",""ql"":"""",""coverage"":""S"",""cf_view"":"""",""seam"":""35:temporal-world-return"",""defined_in"":""Epi:S3-SPEC|Epi:S5-SPEC|Epi:R1-S-SPRIME-TECHNICAL-CAPABILITY-MATRIX"",""tracked_by"":""QL-MEF#25;QL-MEF#30;QL-MEF#32"",""standing_mapping"":{""source"":""not specified by source CSV"",""canonical"":""agent-inference"",""basis"":""Unclassified source relation; no authority promotion.""}}"
S3′->S0′,relation,relations,technical:S3′,technical:S0′,[],,,,,agent-inference,Epi:S0-SPEC|Epi:S3-SPEC|Epi:R1-S-SPRIME-TECHNICAL-CAPABILITY-MATRIX,,,,03:command-gateway-state,S,"{""id"":""S3′->S0′"",""src_product"":""TemporalStateLaw"",""dst_product"":""ReflectiveCLILaw"",""ql"":"""",""coverage"":""S"",""cf_view"":""CF4"",""seam"":""03:command-gateway-state"",""defined_in"":""Epi:S0-SPEC|Epi:S3-SPEC|Epi:R1-S-SPRIME-TECHNICAL-CAPABILITY-MATRIX"",""tracked_by"":""QL-MEF#25;QL-MEF#30;QL-MEF#32"",""standing_mapping"":{""source"":""not specified by source CSV"",""canonical"":""agent-inference"",""basis"":""Unclassified source relation; no authority promotion.""}}"
S3′->S1′,relation,relations,technical:S3′,technical:S1′,[],,,,,agent-inference,Epi:S1-SPEC|Epi:S3-SPEC|Epi:R1-S-SPRIME-TECHNICAL-CAPABILITY-MATRIX,,,,13:residency-temporal-state,S,"{""id"":""S3′->S1′"",""src_product"":""TemporalStateLaw"",""dst_product"":""HenCompilerLaw"",""ql"":"""",""coverage"":""S"",""cf_view"":""CF4"",""seam"":""13:residency-temporal-state"",""defined_in"":""Epi:S1-SPEC|Epi:S3-SPEC|Epi:R1-S-SPRIME-TECHNICAL-CAPABILITY-MATRIX"",""tracked_by"":""QL-MEF#25;QL-MEF#30;QL-MEF#32"",""standing_mapping"":{""source"":""not specified by source CSV"",""canonical"":""agent-inference"",""basis"":""Unclassified source relation; no authority promotion.""}}"
S3′->S2′,relation,relations,technical:S3′,technical:S2′,[],,,,,agent-inference,Epi:S2-SPEC|Epi:S3-SPEC|Epi:R1-S-SPRIME-TECHNICAL-CAPABILITY-MATRIX,,,,23:graph-temporal-state,H,"{""id"":""S3′->S2′"",""src_product"":""TemporalStateLaw"",""dst_product"":""CoordinateGraphLaw"",""ql"":""D3:A2|D3:C3"",""coverage"":""H"",""cf_view"":""CF4"",""seam"":""23:graph-temporal-state"",""defined_in"":""Epi:S2-SPEC|Epi:S3-SPEC|Epi:R1-S-SPRIME-TECHNICAL-CAPABILITY-MATRIX"",""tracked_by"":""QL-MEF#25;QL-MEF#30;QL-MEF#32"",""standing_mapping"":{""source"":""not specified by source CSV"",""canonical"":""agent-inference"",""basis"":""Unclassified source relation; no authority promotion.""}}"
S3′->S3′,relation,relations,technical:S3′,technical:S3′,[],,,,,agent-inference,Epi:S3-SPEC|Epi:R1-S-SPRIME-TECHNICAL-CAPABILITY-MATRIX,,,,self:TemporalStateLaw,I,"{""id"":""S3′->S3′"",""src_product"":""TemporalStateLaw"",""dst_product"":""TemporalStateLaw"",""ql"":"""",""coverage"":""I"",""cf_view"":""CF4"",""seam"":""self:TemporalStateLaw"",""defined_in"":""Epi:S3-SPEC|Epi:R1-S-SPRIME-TECHNICAL-CAPABILITY-MATRIX"",""tracked_by"":""QL-MEF#25;QL-MEF#30;QL-MEF#32"",""standing_mapping"":{""source"":""not specified by source CSV"",""canonical"":""agent-inference"",""basis"":""Unclassified source relation; no authority promotion.""}}"
S3′->S4′,relation,relations,technical:S3′,technical:S4′,[],,,,,agent-inference,Epi:S3-SPEC|Epi:S4-SPEC|Epi:R1-S-SPRIME-TECHNICAL-CAPABILITY-MATRIX,,,,34:temporal-agentic-inhabitation,H,"{""id"":""S3′->S4′"",""src_product"":""TemporalStateLaw"",""dst_product"":""TaOntaInhabitation"",""ql"":""D3:B2"",""coverage"":""H"",""cf_view"":""CF5-field"",""seam"":""34:temporal-agentic-inhabitation"",""defined_in"":""Epi:S3-SPEC|Epi:S4-SPEC|Epi:R1-S-SPRIME-TECHNICAL-CAPABILITY-MATRIX"",""tracked_by"":""QL-MEF#25;QL-MEF#30;QL-MEF#32"",""standing_mapping"":{""source"":""not specified by source CSV"",""canonical"":""agent-inference"",""basis"":""Unclassified source relation; no authority promotion.""}}"
S3′->S5′,relation,relations,technical:S3′,technical:S5′,[],,,,,agent-inference,Epi:S3-SPEC|Epi:S5-SPEC|Epi:R1-S-SPRIME-TECHNICAL-CAPABILITY-MATRIX,,,,35:temporal-world-return,S,"{""id"":""S3′->S5′"",""src_product"":""TemporalStateLaw"",""dst_product"":""EpiiReturnLaw"",""ql"":"""",""coverage"":""S"",""cf_view"":"""",""seam"":""35:temporal-world-return"",""defined_in"":""Epi:S3-SPEC|Epi:S5-SPEC|Epi:R1-S-SPRIME-TECHNICAL-CAPABILITY-MATRIX"",""tracked_by"":""QL-MEF#25;QL-MEF#30;QL-MEF#32"",""standing_mapping"":{""source"":""not specified by source CSV"",""canonical"":""agent-inference"",""basis"":""Unclassified source relation; no authority promotion.""}}"
S4′->S0,relation,relations,technical:S4′,technical:S0,[],,,,,agent-inference,Epi:S0-SPEC|Epi:S4-SPEC|Epi:R1-S-SPRIME-TECHNICAL-CAPABILITY-MATRIX,,,,04:command-agent-runtime,S,"{""id"":""S4′->S0"",""src_product"":""TaOntaInhabitation"",""dst_product"":""CommandRuntimeGround"",""ql"":"""",""coverage"":""S"",""cf_view"":""CF5/CF6-field"",""seam"":""04:command-agent-runtime"",""defined_in"":""Epi:S0-SPEC|Epi:S4-SPEC|Epi:R1-S-SPRIME-TECHNICAL-CAPABILITY-MATRIX"",""tracked_by"":""QL-MEF#25;QL-MEF#30;QL-MEF#32"",""standing_mapping"":{""source"":""not specified by source CSV"",""canonical"":""agent-inference"",""basis"":""Unclassified source relation; no authority promotion.""}}"
S4′->S1,relation,relations,technical:S4′,technical:S1,[],,,,,agent-inference,Epi:S1-SPEC|Epi:S4-SPEC|Epi:R1-S-SPRIME-TECHNICAL-CAPABILITY-MATRIX,,,,14:residency-agentic-inhabitation,H,"{""id"":""S4′->S1"",""src_product"":""TaOntaInhabitation"",""dst_product"":""VaultResidency"",""ql"":""D2-complete.inverse"",""coverage"":""H"",""cf_view"":""CF5-field"",""seam"":""14:residency-agentic-inhabitation"",""defined_in"":""Epi:S1-SPEC|Epi:S4-SPEC|Epi:R1-S-SPRIME-TECHNICAL-CAPABILITY-MATRIX"",""tracked_by"":""QL-MEF#25;QL-MEF#30;QL-MEF#32"",""standing_mapping"":{""source"":""not specified by source CSV"",""canonical"":""agent-inference"",""basis"":""Unclassified source relation; no authority promotion.""}}"
S4′->S2,relation,relations,technical:S4′,technical:S2,[],,,,,agent-inference,Epi:S2-SPEC|Epi:S4-SPEC|Epi:R1-S-SPRIME-TECHNICAL-CAPABILITY-MATRIX,,,,24:graph-agentic-inhabitation,S,"{""id"":""S4′->S2"",""src_product"":""TaOntaInhabitation"",""dst_product"":""GraphBody"",""ql"":"""",""coverage"":""S"",""cf_view"":""CF5-field"",""seam"":""24:graph-agentic-inhabitation"",""defined_in"":""Epi:S2-SPEC|Epi:S4-SPEC|Epi:R1-S-SPRIME-TECHNICAL-CAPABILITY-MATRIX"",""tracked_by"":""QL-MEF#25;QL-MEF#30;QL-MEF#32"",""standing_mapping"":{""source"":""not specified by source CSV"",""canonical"":""agent-inference"",""basis"":""Unclassified source relation; no authority promotion.""}}"
S4′->S3,relation,relations,technical:S4′,technical:S3,[],,,,,agent-inference,Epi:S3-SPEC|Epi:S4-SPEC|Epi:R1-S-SPRIME-TECHNICAL-CAPABILITY-MATRIX,,,,34:temporal-agentic-inhabitation,H,"{""id"":""S4′->S3"",""src_product"":""TaOntaInhabitation"",""dst_product"":""GatewayControl"",""ql"":""D2-transform.inverse"",""coverage"":""H"",""cf_view"":""CF5-field"",""seam"":""34:temporal-agentic-inhabitation"",""defined_in"":""Epi:S3-SPEC|Epi:S4-SPEC|Epi:R1-S-SPRIME-TECHNICAL-CAPABILITY-MATRIX"",""tracked_by"":""QL-MEF#25;QL-MEF#30;QL-MEF#32"",""standing_mapping"":{""source"":""not specified by source CSV"",""canonical"":""agent-inference"",""basis"":""Unclassified source relation; no authority promotion.""}}"
S4′->S4,relation,relations,technical:S4′,technical:S4,[],,,,,agent-inference,Epi:S4-SPEC|Epi:R1-S-SPRIME-TECHNICAL-CAPABILITY-MATRIX,,,,conjugation:AgentRuntime↔TaOntaInhabitation,H,"{""id"":""S4′->S4"",""src_product"":""TaOntaInhabitation"",""dst_product"":""AgentRuntime"",""ql"":""D1.inverse"",""coverage"":""H"",""cf_view"":""CF5"",""seam"":""conjugation:AgentRuntime↔TaOntaInhabitation"",""defined_in"":""Epi:S4-SPEC|Epi:R1-S-SPRIME-TECHNICAL-CAPABILITY-MATRIX"",""tracked_by"":""QL-MEF#25;QL-MEF#30;QL-MEF#32"",""standing_mapping"":{""source"":""not specified by source CSV"",""canonical"":""agent-inference"",""basis"":""Unclassified source relation; no authority promotion.""}}"
S4′->S5,relation,relations,technical:S4′,technical:S5,[],,,,,agent-inference,Epi:S4-SPEC|Epi:S5-SPEC|Epi:R1-S-SPRIME-TECHNICAL-CAPABILITY-MATRIX,,,,45:agentic-world-return,H,"{""id"":""S4′->S5"",""src_product"":""TaOntaInhabitation"",""dst_product"":""WorldBoundary"",""ql"":""D2-require.inverse"",""coverage"":""H"",""cf_view"":""CF5/CF6-field"",""seam"":""45:agentic-world-return"",""defined_in"":""Epi:S4-SPEC|Epi:S5-SPEC|Epi:R1-S-SPRIME-TECHNICAL-CAPABILITY-MATRIX"",""tracked_by"":""QL-MEF#25;QL-MEF#30;QL-MEF#32"",""standing_mapping"":{""source"":""not specified by source CSV"",""canonical"":""agent-inference"",""basis"":""Unclassified source relation; no authority promotion.""}}"
S4′->S0′,relation,relations,technical:S4′,technical:S0′,[],,,,,agent-inference,Epi:S0-SPEC|Epi:S4-SPEC|Epi:R1-S-SPRIME-TECHNICAL-CAPABILITY-MATRIX,,,,04:command-agent-runtime,S,"{""id"":""S4′->S0′"",""src_product"":""TaOntaInhabitation"",""dst_product"":""ReflectiveCLILaw"",""ql"":"""",""coverage"":""S"",""cf_view"":""CF5/CF6-field"",""seam"":""04:command-agent-runtime"",""defined_in"":""Epi:S0-SPEC|Epi:S4-SPEC|Epi:R1-S-SPRIME-TECHNICAL-CAPABILITY-MATRIX"",""tracked_by"":""QL-MEF#25;QL-MEF#30;QL-MEF#32"",""standing_mapping"":{""source"":""not specified by source CSV"",""canonical"":""agent-inference"",""basis"":""Unclassified source relation; no authority promotion.""}}"
S4′->S1′,relation,relations,technical:S4′,technical:S1′,[],,,,,agent-inference,Epi:S1-SPEC|Epi:S4-SPEC|Epi:R1-S-SPRIME-TECHNICAL-CAPABILITY-MATRIX,,,,14:residency-agentic-inhabitation,H,"{""id"":""S4′->S1′"",""src_product"":""TaOntaInhabitation"",""dst_product"":""HenCompilerLaw"",""ql"":""D3:C2"",""coverage"":""H"",""cf_view"":""CF5-field"",""seam"":""14:residency-agentic-inhabitation"",""defined_in"":""Epi:S1-SPEC|Epi:S4-SPEC|Epi:R1-S-SPRIME-TECHNICAL-CAPABILITY-MATRIX"",""tracked_by"":""QL-MEF#25;QL-MEF#30;QL-MEF#32"",""standing_mapping"":{""source"":""not specified by source CSV"",""canonical"":""agent-inference"",""basis"":""Unclassified source relation; no authority promotion.""}}"
S4′->S2′,relation,relations,technical:S4′,technical:S2′,[],,,,,agent-inference,Epi:S2-SPEC|Epi:S4-SPEC|Epi:R1-S-SPRIME-TECHNICAL-CAPABILITY-MATRIX,,,,24:graph-agentic-inhabitation,S,"{""id"":""S4′->S2′"",""src_product"":""TaOntaInhabitation"",""dst_product"":""CoordinateGraphLaw"",""ql"":"""",""coverage"":""S"",""cf_view"":""CF5-field"",""seam"":""24:graph-agentic-inhabitation"",""defined_in"":""Epi:S2-SPEC|Epi:S4-SPEC|Epi:R1-S-SPRIME-TECHNICAL-CAPABILITY-MATRIX"",""tracked_by"":""QL-MEF#25;QL-MEF#30;QL-MEF#32"",""standing_mapping"":{""source"":""not specified by source CSV"",""canonical"":""agent-inference"",""basis"":""Unclassified source relation; no authority promotion.""}}"
S4′->S3′,relation,relations,technical:S4′,technical:S3′,[],,,,,agent-inference,Epi:S3-SPEC|Epi:S4-SPEC|Epi:R1-S-SPRIME-TECHNICAL-CAPABILITY-MATRIX,,,,34:temporal-agentic-inhabitation,H,"{""id"":""S4′->S3′"",""src_product"":""TaOntaInhabitation"",""dst_product"":""TemporalStateLaw"",""ql"":""D3:B2"",""coverage"":""H"",""cf_view"":""CF5-field"",""seam"":""34:temporal-agentic-inhabitation"",""defined_in"":""Epi:S3-SPEC|Epi:S4-SPEC|Epi:R1-S-SPRIME-TECHNICAL-CAPABILITY-MATRIX"",""tracked_by"":""QL-MEF#25;QL-MEF#30;QL-MEF#32"",""standing_mapping"":{""source"":""not specified by source CSV"",""canonical"":""agent-inference"",""basis"":""Unclassified source relation; no authority promotion.""}}"
S4′->S4′,relation,relations,technical:S4′,technical:S4′,[],,,,,agent-inference,Epi:S4-SPEC|Epi:R1-S-SPRIME-TECHNICAL-CAPABILITY-MATRIX,,,,self:TaOntaInhabitation,I,"{""id"":""S4′->S4′"",""src_product"":""TaOntaInhabitation"",""dst_product"":""TaOntaInhabitation"",""ql"":"""",""coverage"":""I"",""cf_view"":""CF5"",""seam"":""self:TaOntaInhabitation"",""defined_in"":""Epi:S4-SPEC|Epi:R1-S-SPRIME-TECHNICAL-CAPABILITY-MATRIX"",""tracked_by"":""QL-MEF#25;QL-MEF#30;QL-MEF#32"",""standing_mapping"":{""source"":""not specified by source CSV"",""canonical"":""agent-inference"",""basis"":""Unclassified source relation; no authority promotion.""}}"
S4′->S5′,relation,relations,technical:S4′,technical:S5′,[],,,,,agent-inference,Epi:S4-SPEC|Epi:S5-SPEC|Epi:R1-S-SPRIME-TECHNICAL-CAPABILITY-MATRIX,,,,45:agentic-world-return,H,"{""id"":""S4′->S5′"",""src_product"":""TaOntaInhabitation"",""dst_product"":""EpiiReturnLaw"",""ql"":""D3:A3"",""coverage"":""H"",""cf_view"":""CF5/CF6-field"",""seam"":""45:agentic-world-return"",""defined_in"":""Epi:S4-SPEC|Epi:S5-SPEC|Epi:R1-S-SPRIME-TECHNICAL-CAPABILITY-MATRIX"",""tracked_by"":""QL-MEF#25;QL-MEF#30;QL-MEF#32"",""standing_mapping"":{""source"":""not specified by source CSV"",""canonical"":""agent-inference"",""basis"":""Unclassified source relation; no authority promotion.""}}"
S5′->S0,relation,relations,technical:S5′,technical:S0,[],,,,,agent-inference,Epi:S0-SPEC|Epi:S5-SPEC|Epi:R1-S-SPRIME-TECHNICAL-CAPABILITY-MATRIX,,,,05/50:command-world-return,H,"{""id"":""S5′->S0"",""src_product"":""EpiiReturnLaw"",""dst_product"":""CommandRuntimeGround"",""ql"":""D2-require.inverse|D2-complete.inverse"",""coverage"":""H"",""cf_view"":""CF7"",""seam"":""05/50:command-world-return"",""defined_in"":""Epi:S0-SPEC|Epi:S5-SPEC|Epi:R1-S-SPRIME-TECHNICAL-CAPABILITY-MATRIX"",""tracked_by"":""QL-MEF#25;QL-MEF#30;QL-MEF#32"",""standing_mapping"":{""source"":""not specified by source CSV"",""canonical"":""agent-inference"",""basis"":""Unclassified source relation; no authority promotion.""}}"
S5′->S1,relation,relations,technical:S5′,technical:S1,[],,,,,agent-inference,Epi:S1-SPEC|Epi:S5-SPEC|Epi:R1-S-SPRIME-TECHNICAL-CAPABILITY-MATRIX,,,,15:residency-world-return,S,"{""id"":""S5′->S1"",""src_product"":""EpiiReturnLaw"",""dst_product"":""VaultResidency"",""ql"":"""",""coverage"":""S"",""cf_view"":"""",""seam"":""15:residency-world-return"",""defined_in"":""Epi:S1-SPEC|Epi:S5-SPEC|Epi:R1-S-SPRIME-TECHNICAL-CAPABILITY-MATRIX"",""tracked_by"":""QL-MEF#25;QL-MEF#30;QL-MEF#32"",""standing_mapping"":{""source"":""not specified by source CSV"",""canonical"":""agent-inference"",""basis"":""Unclassified source relation; no authority promotion.""}}"
S5′->S2,relation,relations,technical:S5′,technical:S2,[],,,,,agent-inference,Epi:S2-SPEC|Epi:S5-SPEC|Epi:R1-S-SPRIME-TECHNICAL-CAPABILITY-MATRIX,,,,25:graph-world-return,S,"{""id"":""S5′->S2"",""src_product"":""EpiiReturnLaw"",""dst_product"":""GraphBody"",""ql"":"""",""coverage"":""S"",""cf_view"":"""",""seam"":""25:graph-world-return"",""defined_in"":""Epi:S2-SPEC|Epi:S5-SPEC|Epi:R1-S-SPRIME-TECHNICAL-CAPABILITY-MATRIX"",""tracked_by"":""QL-MEF#25;QL-MEF#30;QL-MEF#32"",""standing_mapping"":{""source"":""not specified by source CSV"",""canonical"":""agent-inference"",""basis"":""Unclassified source relation; no authority promotion.""}}"
S5′->S3,relation,relations,technical:S5′,technical:S3,[],,,,,agent-inference,Epi:S3-SPEC|Epi:S5-SPEC|Epi:R1-S-SPRIME-TECHNICAL-CAPABILITY-MATRIX,,,,35:temporal-world-return,S,"{""id"":""S5′->S3"",""src_product"":""EpiiReturnLaw"",""dst_product"":""GatewayControl"",""ql"":"""",""coverage"":""S"",""cf_view"":"""",""seam"":""35:temporal-world-return"",""defined_in"":""Epi:S3-SPEC|Epi:S5-SPEC|Epi:R1-S-SPRIME-TECHNICAL-CAPABILITY-MATRIX"",""tracked_by"":""QL-MEF#25;QL-MEF#30;QL-MEF#32"",""standing_mapping"":{""source"":""not specified by source CSV"",""canonical"":""agent-inference"",""basis"":""Unclassified source relation; no authority promotion.""}}"
S5′->S4,relation,relations,technical:S5′,technical:S4,[],,,,,agent-inference,Epi:S4-SPEC|Epi:S5-SPEC|Epi:R1-S-SPRIME-TECHNICAL-CAPABILITY-MATRIX,,,,45:agentic-world-return,H,"{""id"":""S5′->S4"",""src_product"":""EpiiReturnLaw"",""dst_product"":""AgentRuntime"",""ql"":""D2-transform.inverse"",""coverage"":""H"",""cf_view"":""CF5/CF6-field"",""seam"":""45:agentic-world-return"",""defined_in"":""Epi:S4-SPEC|Epi:S5-SPEC|Epi:R1-S-SPRIME-TECHNICAL-CAPABILITY-MATRIX"",""tracked_by"":""QL-MEF#25;QL-MEF#30;QL-MEF#32"",""standing_mapping"":{""source"":""not specified by source CSV"",""canonical"":""agent-inference"",""basis"":""Unclassified source relation; no authority promotion.""}}"
S5′->S5,relation,relations,technical:S5′,technical:S5,[],,,,,agent-inference,Epi:S5-SPEC|Epi:R1-S-SPRIME-TECHNICAL-CAPABILITY-MATRIX,,,,conjugation:WorldBoundary↔EpiiReturnLaw,H,"{""id"":""S5′->S5"",""src_product"":""EpiiReturnLaw"",""dst_product"":""WorldBoundary"",""ql"":""D1.inverse"",""coverage"":""H"",""cf_view"":""CF7"",""seam"":""conjugation:WorldBoundary↔EpiiReturnLaw"",""defined_in"":""Epi:S5-SPEC|Epi:R1-S-SPRIME-TECHNICAL-CAPABILITY-MATRIX"",""tracked_by"":""QL-MEF#25;QL-MEF#30;QL-MEF#32"",""standing_mapping"":{""source"":""not specified by source CSV"",""canonical"":""agent-inference"",""basis"":""Unclassified source relation; no authority promotion.""}}"
S5′->S0′,relation,relations,technical:S5′,technical:S0′,[],,,,,agent-inference,Epi:S0-SPEC|Epi:S5-SPEC|Epi:R1-S-SPRIME-TECHNICAL-CAPABILITY-MATRIX,,,,05/50:command-world-return,H,"{""id"":""S5′->S0′"",""src_product"":""EpiiReturnLaw"",""dst_product"":""ReflectiveCLILaw"",""ql"":""D3:B3|D3:C1"",""coverage"":""H"",""cf_view"":""CF7"",""seam"":""05/50:command-world-return"",""defined_in"":""Epi:S0-SPEC|Epi:S5-SPEC|Epi:R1-S-SPRIME-TECHNICAL-CAPABILITY-MATRIX"",""tracked_by"":""QL-MEF#25;QL-MEF#30;QL-MEF#32"",""standing_mapping"":{""source"":""not specified by source CSV"",""canonical"":""agent-inference"",""basis"":""Unclassified source relation; no authority promotion.""}}"
S5′->S1′,relation,relations,technical:S5′,technical:S1′,[],,,,,agent-inference,Epi:S1-SPEC|Epi:S5-SPEC|Epi:R1-S-SPRIME-TECHNICAL-CAPABILITY-MATRIX,,,,15:residency-world-return,S,"{""id"":""S5′->S1′"",""src_product"":""EpiiReturnLaw"",""dst_product"":""HenCompilerLaw"",""ql"":"""",""coverage"":""S"",""cf_view"":"""",""seam"":""15:residency-world-return"",""defined_in"":""Epi:S1-SPEC|Epi:S5-SPEC|Epi:R1-S-SPRIME-TECHNICAL-CAPABILITY-MATRIX"",""tracked_by"":""QL-MEF#25;QL-MEF#30;QL-MEF#32"",""standing_mapping"":{""source"":""not specified by source CSV"",""canonical"":""agent-inference"",""basis"":""Unclassified source relation; no authority promotion.""}}"
S5′->S2′,relation,relations,technical:S5′,technical:S2′,[],,,,,agent-inference,Epi:S2-SPEC|Epi:S5-SPEC|Epi:R1-S-SPRIME-TECHNICAL-CAPABILITY-MATRIX,,,,25:graph-world-return,S,"{""id"":""S5′->S2′"",""src_product"":""EpiiReturnLaw"",""dst_product"":""CoordinateGraphLaw"",""ql"":"""",""coverage"":""S"",""cf_view"":"""",""seam"":""25:graph-world-return"",""defined_in"":""Epi:S2-SPEC|Epi:S5-SPEC|Epi:R1-S-SPRIME-TECHNICAL-CAPABILITY-MATRIX"",""tracked_by"":""QL-MEF#25;QL-MEF#30;QL-MEF#32"",""standing_mapping"":{""source"":""not specified by source CSV"",""canonical"":""agent-inference"",""basis"":""Unclassified source relation; no authority promotion.""}}"
S5′->S3′,relation,relations,technical:S5′,technical:S3′,[],,,,,agent-inference,Epi:S3-SPEC|Epi:S5-SPEC|Epi:R1-S-SPRIME-TECHNICAL-CAPABILITY-MATRIX,,,,35:temporal-world-return,S,"{""id"":""S5′->S3′"",""src_product"":""EpiiReturnLaw"",""dst_product"":""TemporalStateLaw"",""ql"":"""",""coverage"":""S"",""cf_view"":"""",""seam"":""35:temporal-world-return"",""defined_in"":""Epi:S3-SPEC|Epi:S5-SPEC|Epi:R1-S-SPRIME-TECHNICAL-CAPABILITY-MATRIX"",""tracked_by"":""QL-MEF#25;QL-MEF#30;QL-MEF#32"",""standing_mapping"":{""source"":""not specified by source CSV"",""canonical"":""agent-inference"",""basis"":""Unclassified source relation; no authority promotion.""}}"
S5′->S4′,relation,relations,technical:S5′,technical:S4′,[],,,,,agent-inference,Epi:S4-SPEC|Epi:S5-SPEC|Epi:R1-S-SPRIME-TECHNICAL-CAPABILITY-MATRIX,,,,45:agentic-world-return,H,"{""id"":""S5′->S4′"",""src_product"":""EpiiReturnLaw"",""dst_product"":""TaOntaInhabitation"",""ql"":""D3:A3"",""coverage"":""H"",""cf_view"":""CF5/CF6-field"",""seam"":""45:agentic-world-return"",""defined_in"":""Epi:S4-SPEC|Epi:S5-SPEC|Epi:R1-S-SPRIME-TECHNICAL-CAPABILITY-MATRIX"",""tracked_by"":""QL-MEF#25;QL-MEF#30;QL-MEF#32"",""standing_mapping"":{""source"":""not specified by source CSV"",""canonical"":""agent-inference"",""basis"":""Unclassified source relation; no authority promotion.""}}"
S5′->S5′,relation,relations,technical:S5′,technical:S5′,[],,,,,agent-inference,Epi:S5-SPEC|Epi:R1-S-SPRIME-TECHNICAL-CAPABILITY-MATRIX,,,,self:EpiiReturnLaw,I,"{""id"":""S5′->S5′"",""src_product"":""EpiiReturnLaw"",""dst_product"":""EpiiReturnLaw"",""ql"":"""",""coverage"":""I"",""cf_view"":""CF7"",""seam"":""self:EpiiReturnLaw"",""defined_in"":""Epi:S5-SPEC|Epi:R1-S-SPRIME-TECHNICAL-CAPABILITY-MATRIX"",""tracked_by"":""QL-MEF#25;QL-MEF#30;QL-MEF#32"",""standing_mapping"":{""source"":""not specified by source CSV"",""canonical"":""agent-inference"",""basis"":""Unclassified source relation; no authority promotion.""}}"
